Workbook
Name MethodPointer1: -1271565216
Name MethodPointer2: 496

Sheet Plate 1 - Sheet1
A2: Software Version | B2: 3.14.03
A4: Experiment File Path: | B4: D:\GEAGS_Data\8.002R1.xpt
A5: Protocol File Path: | B5: C:\Users\Public\Documents\Protocols\CYH\YFP-COURSE.prt
A6: Plate Number | B6: Plate 1
A7: Date | B7: 43761
A8: Time | B8: 0.71563657
A9: Reader Type: | B9: Synergy H1
A10: Reader Serial Number: | B10: 268449
A11: Reading Type | B11: Reader
A13: Procedure Details
A14: Plate Type | B14: 96 WELL PLATE (Use plate lid)
A15: Eject plate on completion
A16: Set Temperature | B16: Setpoint 37°C
B17: Preheat before moving to next step
A18: Start Kinetic | B18: Runtime 12:00:00 (HH:MM:SS), Interval 0:10:00, 73 Reads
A19: Shake | B19: Linear: Continuous
B20: Frequency: 1096 cpm (1 mm)
A21: Read | B21: sfYFP
B22: Fluorescence Endpoint
B23: C1..D12
B24: Filter Set 1
B25: Excitation: 503, Emission: 540
B26: Optics: Bottom, Gain: 61
B27: Filter Set 2
B28: Excitation: 503, Emission: 540
B29: Optics: Bottom, Gain: 100
B30: Light Source: Xenon Flash, Lamp Energy: High
B31: Read Speed: Normal, Delay: 100 msec, Measurements/Data Point: 10
B32: Read Height: 7 mm
A33: Read | B33: OD600
B34: Absorbance Endpoint
B35: C1..D12
B36: Wavelengths: 600
B37: Read Speed: Normal, Delay: 100 msec, Measurements/Data Point: 8
A38: End Kinetic
A40: Layout
C42: 1 | D42: 2 | E42: 3 | F42: 4 | G42: 5 | H42: 6 | I42: 7 | J42: 8 | K42: 9 | L42: 10 | M42: 11 | N42: 12
B43: A | C43: SPL1 | D43: SPL9 | E43: SPL17 | F43: SPL25 | G43: SPL33 | H43: SPL41 | I43: SPL49 | J43: SPL57 | K43: SPL65 | L43: SPL73 | M43: SPL81 | N43: SPL89 | O43: Well ID
B44: B | C44: SPL2 | D44: SPL10 | E44: SPL18 | F44: SPL26 | G44: SPL34 | H44: SPL42 | I44: SPL50 | J44: SPL58 | K44: SPL66 | L44: SPL74 | M44: SPL82 | N44: SPL90 | O44: Well ID
B45: C | C45: SPL3 | D45: SPL11 | E45: SPL19 | F45: SPL27 | G45: SPL35 | H45: SPL43 | I45: SPL51 | J45: SPL59 | K45: SPL67 | L45: SPL75 | M45: SPL83 | N45: SPL91 | O45: Well ID
B46: D | C46: SPL4 | D46: SPL12 | E46: SPL20 | F46: SPL28 | G46: SPL36 | H46: SPL44 | I46: SPL52 | J46: SPL60 | K46: SPL68 | L46: SPL76 | M46: SPL84 | N46: SPL92 | O46: Well ID
B47: E | C47: SPL5 | D47: SPL13 | E47: SPL21 | F47: SPL29 | G47: SPL37 | H47: SPL45 | I47: SPL53 | J47: SPL61 | K47: SPL69 | L47: SPL77 | M47: SPL85 | N47: SPL93 | O47: Well ID
B48: F | C48: SPL6 | D48: SPL14 | E48: SPL22 | F48: SPL30 | G48: SPL38 | H48: SPL46 | I48: SPL54 | J48: SPL62 | K48: SPL70 | L48: SPL78 | M48: SPL86 | N48: SPL94 | O48: Well ID
B49: G | C49: SPL7 | D49: SPL15 | E49: SPL23 | F49: SPL31 | G49: SPL39 | H49: SPL47 | I49: SPL55 | J49: SPL63 | K49: SPL71 | L49: SPL79 | M49: SPL87 | N49: SPL95 | O49: Well ID
B50: H | C50: SPL8 | D50: SPL16 | E50: SPL24 | F50: SPL32 | G50: SPL40 | H50: SPL48 | I50: SPL56 | J50: SPL64 | K50: SPL72 | L50: SPL80 | M50: SPL88 | N50: SPL96 | O50: Well ID
A52: sfYFP:503,540
B54: Time | C54: T° sfYFP:503,540 | D54: A1 | E54: A2 | F54: A3 | G54: A4 | H54: A5 | I54: A6 | J54: A7 | K54: A8 | L54: A9 | M54: A10 | N54: A11 | O54: A12 | P54: B1 | Q54: B2 | R54: B3 | S54: B4 | T54: B5 | U54: B6 | V54: B7 | W54: B8 | X54: B9 | Y54: B10 | Z54: B11 | AA54: B12 | AB54: C1 | AC54: C2 | AD54: C3 | AE54: C4 | AF54: C5 | AG54: C6 | AH54: C7 | AI54: C8 | AJ54: C9 | AK54: C10 | AL54: C11 | AM54: C12 | AN54: D1 | AO54: D2 | AP54: D3 | AQ54: D4 | AR54: D5 | AS54: D6 | AT54: D7 | AU54: D8 | AV54: D9 | AW54: D10 | AX54: D11 | AY54: D12 | AZ54: E1 | BA54: E2 | BB54: E3 | BC54: E4 | BD54: E5 | BE54: E6 | BF54: E7 | BG54: E8 | BH54: E9 | BI54: E10 | BJ54: E11 | BK54: E12 | BL54: F1 | BM54: F2 | BN54: F3 | BO54: F4 | BP54: F5 | BQ54: F6 | BR54: F7 | BS54: F8 | BT54: F9 | BU54: F10 | BV54: F11 | BW54: F12 | BX54: G1 | BY54: G2 | BZ54: G3 | CA54: G4 | CB54: G5 | CC54: G6 | CD54: G7 | CE54: G8 | CF54: G9 | CG54: G10 | CH54: G11 | CI54: G12 | CJ54: H1 | CK54: H2 | CL54: H3 | CM54: H4 | CN54: H5 | CO54: H6 | CP54: H7 | CQ54: H8 | CR54: H9 | CS54: H10 | CT54: H11 | CU54: H12
B55: 0.0064236111 | C55: 37 | AB55: 2 | AC55: 7 | AD55: 8 | AE55: 0 | AF55: 3 | AG55: 10 | AH55: 9 | AI55: 3 | AJ55: 0 | AK55: 8 | AL55: 9 | AM55: 3 | AN55: 9 | AO55: 6 | AP55: 0 | AQ55: 13 | AR55: 6 | AS55: 5 | AT55: 4 | AU55: 0 | AV55: 0 | AW55: 1 | AX55: 2 | AY55: 3
B56: 0.013368056 | C56: 37 | AB56: 0 | AC56: 5 | AD56: 5 | AE56: 0 | AF56: 3 | AG56: 2 | AH56: 0 | AI56: 4 | AJ56: 0 | AK56: 4 | AL56: 4 | AM56: 2 | AN56: 7 | AO56: 14 | AP56: 8 | AQ56: 9 | AR56: 11 | AS56: 5 | AT56: 0 | AU56: 1 | AV56: 2 | AW56: 0 | AX56: 5 | AY56: 0
B57: 0.0203125 | C57: 37 | AB57: 0 | AC57: 12 | AD57: 0 | AE57: 0 | AF57: 0 | AG57: 0 | AH57: 3 | AI57: 3 | AJ57: 0 | AK57: 0 | AL57: 2 | AM57: 8 | AN57: 8 | AO57: 2 | AP57: 0 | AQ57: 6 | AR57: 11 | AS57: 3 | AT57: 0 | AU57: 0 | AV57: 0 | AW57: 7 | AX57: 0 | AY57: 6
B58: 0.027256944 | C58: 37 | AB58: 0 | AC58: 3 | AD58: 8 | AE58: 0 | AF58: 11 | AG58: 1 | AH58: 0 | AI58: 4 | AJ58: 0 | AK58: 0 | AL58: 0 | AM58: 0 | AN58: 20 | AO58: 3 | AP58: 7 | AQ58: 5 | AR58: 17 | AS58: 2 | AT58: 0 | AU58: 4 | AV58: 2 | AW58: 2 | AX58: 13 | AY58: 0
B59: 0.034201389 | C59: 37 | AB59: 3 | AC59: 0 | AD59: 0 | AE59: 2 | AF59: 4 | AG59: 0 | AH59: 0 | AI59: 7 | AJ59: 6 | AK59: 0 | AL59: 0 | AM59: 2 | AN59: 11 | AO59: 7 | AP59: 14 | AQ59: 10 | AR59: 22 | AS59: 5 | AT59: 11 | AU59: 3 | AV59: 2 | AW59: 6 | AX59: 3 | AY59: 5
B60: 0.041145833 | C60: 37 | AB60: 0 | AC60: 1 | AD60: 0 | AE60: 0 | AF60: 0 | AG60: 0 | AH60: 1 | AI60: 0 | AJ60: 0 | AK60: 9 | AL60: 2 | AM60: 10 | AN60: 0 | AO60: 6 | AP60: 16 | AQ60: 5 | AR60: 4 | AS60: 24 | AT60: 8 | AU60: 0 | AV60: 3 | AW60: 7 | AX60: 0 | AY60: 0
B61: 0.048090278 | C61: 37 | AB61: 2 | AC61: 3 | AD61: 4 | AE61: 0 | AF61: 8 | AG61: 4 | AH61: 1 | AI61: 0 | AJ61: 0 | AK61: 0 | AL61: 8 | AM61: 0 | AN61: 0 | AO61: 22 | AP61: 5 | AQ61: 13 | AR61: 0 | AS61: 0 | AT61: 5 | AU61: 16 | AV61: 6 | AW61: 11 | AX61: 13 | AY61: 0
B62: 0.055034722 | C62: 37 | AB62: 5 | AC62: 0 | AD62: 1 | AE62: 0 | AF62: 0 | AG62: 0 | AH62: 4 | AI62: 7 | AJ62: 5 | AK62: 1 | AL62: 6 | AM62: 11 | AN62: 0 | AO62: 12 | AP62: 20 | AQ62: 3 | AR62: 12 | AS62: 4 | AT62: 0 | AU62: 11 | AV62: 0 | AW62: 10 | AX62: 0 | AY62: 0
B63: 0.061979167 | C63: 37 | AB63: 0 | AC63: 0 | AD63: 6 | AE63: 4 | AF63: 0 | AG63: 0 | AH63: 4 | AI63: 0 | AJ63: 2 | AK63: 0 | AL63: 14 | AM63: 0 | AN63: 17 | AO63: 4 | AP63: 3 | AQ63: 7 | AR63: 15 | AS63: 8 | AT63: 0 | AU63: 8 | AV63: 0 | AW63: 12 | AX63: 7 | AY63: 9
B64: 0.068923611 | C64: 37 | AB64: 6 | AC64: 0 | AD64: 0 | AE64: 0 | AF64: 1 | AG64: 10 | AH64: 0 | AI64: 12 | AJ64: 10 | AK64: 0 | AL64: 3 | AM64: 11 | AN64: 13 | AO64: 15 | AP64: 0 | AQ64: 21 | AR64: 0 | AS64: 10 | AT64: 6 | AU64: 4 | AV64: 7 | AW64: 3 | AX64: 1 | AY64: 3
B65: 0.075868056 | C65: 37 | AB65: 0 | AC65: 0 | AD65: 0 | AE65: 3 | AF65: 0 | AG65: 1 | AH65: 4 | AI65: 0 | AJ65: 6 | AK65: 0 | AL65: 2 | AM65: 6 | AN65: 14 | AO65: 19 | AP65: 13 | AQ65: 28 | AR65: 15 | AS65: 19 | AT65: 18 | AU65: 3 | AV65: 6 | AW65: 11 | AX65: 7 | AY65: 0
B66: 0.0828125 | C66: 37 | AB66: 1 | AC66: 8 | AD66: 6 | AE66: 2 | AF66: 9 | AG66: 4 | AH66: 15 | AI66: 2 | AJ66: 0 | AK66: 0 | AL66: 4 | AM66: 6 | AN66: 6 | AO66: 21 | AP66: 22 | AQ66: 28 | AR66: 16 | AS66: 22 | AT66: 14 | AU66: 4 | AV66: 5 | AW66: 9 | AX66: 2 | AY66: 6
... B127: 0.50642361 | C127: 37.1 | AB127: 8 | AC127: 0 | AD127: 13 | AE127: 0 | AF127: 0 | AG127: 7 | AH127: 3 | AI127: 0 | AJ127: 3 | AK127: 0 | AL127: 11 | AM127: 5 | AN127: 23 | AO127: 63 | AP127: 50 | AQ127: 46 | AR127: 335 | AS127: 333 | AT127: 111 | AU127: 80 | AV127: 51 | AW127: 59 | AX127: 103 | AY127: 28
A129: sfYFP:503,540[2]
B131: Time | C131: T° sfYFP:503,540[2] | D131: A1 | E131: A2 | F131: A3 | G131: A4 | H131: A5 | I131: A6 | J131: A7 | K131: A8 | L131: A9 | M131: A10 | N131: A11 | O131: A12 | P131: B1 | Q131: B2 | R131: B3 | S131: B4 | T131: B5 | U131: B6 | V131: B7 | W131: B8 | X131: B9 | Y131: B10 | Z131: B11 | AA131: B12 | AB131: C1 | AC131: C2 | AD131: C3 | AE131: C4 | AF131: C5 | AG131: C6 | AH131: C7 | AI131: C8 | AJ131: C9 | AK131: C10 | AL131: C11 | AM131: C12 | AN131: D1 | AO131: D2 | AP131: D3 | AQ131: D4 | AR131: D5 | AS131: D6 | AT131: D7 | AU131: D8 | AV131: D9 | AW131: D10 | AX131: D11 | AY131: D12 | AZ131: E1 | BA131: E2 | BB131: E3 | BC131: E4 | BD131: E5 | BE131: E6 | BF131: E7 | BG131: E8 | BH131: E9 | BI131: E10 | BJ131: E11 | BK131: E12 | BL131: F1 | BM131: F2 | BN131: F3 | BO131: F4 | BP131: F5 | BQ131: F6 | BR131: F7 | BS131: F8 | BT131: F9 | BU131: F10 | BV131: F11 | BW131: F12 | BX131: G1 | BY131: G2 | BZ131: G3 | CA131: G4 | CB131: G5 | CC131: G6 | CD131: G7 | CE131: G8 | CF131: G9 | CG131: G10 | CH131: G11 | CI131: G12 | CJ131: H1 | CK131: H2 | CL131: H3 | CM131: H4 | CN131: H5 | CO131: H6 | CP131: H7 | CQ131: H8 | CR131: H9 | CS131: H10 | CT131: H11 | CU131: H12
B132: 0.0065856481 | C132: 37 | AB132: 30 | AC132: 30 | AD132: 26 | AE132: 16 | AF132: 7 | AG132: 11 | AH132: 17 | AI132: 14 | AJ132: 21 | AK132: 17 | AL132: 11 | AM132: 3 | AN132: 137 | AO132: 187 | AP132: 170 | AQ132: 230 | AR132: 180 | AS132: 198 | AT132: 148 | AU132: 85 | AV132: 59 | AW132: 85 | AX132: 79 | AY132: 45
B133: 0.013530093 | C133: 37 | AB133: 30 | AC133: 34 | AD133: 35 | AE133: 7 | AF133: 13 | AG133: 8 | AH133: 13 | AI133: 5 | AJ133: 11 | AK133: 8 | AL133: 15 | AM133: 14 | AN133: 129 | AO133: 182 | AP133: 196 | AQ133: 225 | AR133: 192 | AS133: 191 | AT133: 144 | AU133: 93 | AV133: 55 | AW133: 96 | AX133: 95 | AY133: 70
B134: 0.020474537 | C134: 37 | AB134: 44 | AC134: 27 | AD134: 26 | AE134: 17 | AF134: 10 | AG134: 7 | AH134: 4 | AI134: 8 | AJ134: 13 | AK134: 11 | AL134: 23 | AM134: 19 | AN134: 162 | AO134: 207 | AP134: 195 | AQ134: 243 | AR134: 200 | AS134: 182 | AT134: 134 | AU134: 90 | AV134: 57 | AW134: 98 | AX134: 111 | AY134: 61
B135: 0.027418981 | C135: 37 | AB135: 21 | AC135: 31 | AD135: 38 | AE135: 20 | AF135: 7 | AG135: 8 | AH135: 21 | AI135: 5 | AJ135: 13 | AK135: 5 | AL135: 38 | AM135: 22 | AN135: 141 | AO135: 199 | AP135: 222 | AQ135: 227 | AR135: 187 | AS135: 186 | AT135: 164 | AU135: 81 | AV135: 58 | AW135: 88 | AX135: 90 | AY135: 60
B136: 0.034363426 | C136: 37 | AB136: 25 | AC136: 15 | AD136: 29 | AE136: 12 | AF136: 14 | AG136: 13 | AH136: 0 | AI136: 33 | AJ136: 10 | AK136: 6 | AL136: 29 | AM136: 9 | AN136: 139 | AO136: 218 | AP136: 192 | AQ136: 269 | AR136: 218 | AS136: 189 | AT136: 153 | AU136: 85 | AV136: 51 | AW136: 88 | AX136: 100 | AY136: 73
B137: 0.04130787 | C137: 37 | AB137: 31 | AC137: 39 | AD137: 35 | AE137: 25 | AF137: 8 | AG137: 3 | AH137: 20 | AI137: 15 | AJ137: 14 | AK137: 12 | AL137: 24 | AM137: 10 | AN137: 152 | AO137: 264 | AP137: 192 | AQ137: 294 | AR137: 223 | AS137: 200 | AT137: 143 | AU137: 108 | AV137: 70 | AW137: 75 | AX137: 97 | AY137: 70
B138: 0.048252315 | C138: 37 | AB138: 16 | AC138: 21 | AD138: 34 | AE138: 13 | AF138: 8 | AG138: 16 | AH138: 15 | AI138: 19 | AJ138: 2 | AK138: 10 | AL138: 26 | AM138: 14 | AN138: 170 | AO138: 252 | AP138: 216 | AQ138: 303 | AR138: 196 | AS138: 196 | AT138: 122 | AU138: 92 | AV138: 68 | AW138: 70 | AX138: 79 | AY138: 65
B139: 0.055196759 | C139: 37 | AB139: 41 | AC139: 17 | AD139: 35 | AE139: 4 | AF139: 13 | AG139: 12 | AH139: 16 | AI139: 3 | AJ139: 21 | AK139: 17 | AL139: 23 | AM139: 18 | AN139: 186 | AO139: 360 | AP139: 294 | AQ139: 365 | AR139: 245 | AS139: 236 | AT139: 146 | AU139: 103 | AV139: 82 | AW139: 80 | AX139: 86 | AY139: 53
B140: 0.062141204 | C140: 37 | AB140: 39 | AC140: 18 | AD140: 40 | AE140: 23 | AF140: 9 | AG140: 12 | AH140: 25 | AI140: 3 | AJ140: 3 | AK140: 21 | AL140: 24 | AM140: 9 | AN140: 242 | AO140: 378 | AP140: 289 | AQ140: 429 | AR140: 268 | AS140: 259 | AT140: 194 | AU140: 68 | AV140: 71 | AW140: 98 | AX140: 78 | AY140: 68
B141: 0.069085648 | C141: 37 | AB141: 34 | AC141: 30 | AD141: 40 | AE141: 0 | AF141: 17 | AG141: 8 | AH141: 12 | AI141: 6 | AJ141: 12 | AK141: 8 | AL141: 39 | AM141: 19 | AN141: 326 | AO141: 475 | AP141: 412 | AQ141: 575 | AR141: 285 | AS141: 269 | AT141: 209 | AU141: 111 | AV141: 99 | AW141: 71 | AX141: 91 | AY141: 154
B142: 0.076030093 | C142: 37 | AB142: 20 | AC142: 22 | AD142: 26 | AE142: 14 | AF142: 11 | AG142: 12 | AH142: 17 | AI142: 23 | AJ142: 17 | AK142: 24 | AL142: 34 | AM142: 24 | AN142: 377 | AO142: 644 | AP142: 534 | AQ142: 733 | AR142: 405 | AS142: 372 | AT142: 282 | AU142: 136 | AV142: 112 | AW142: 88 | AX142: 119 | AY142: 149
B143: 0.082974537 | C143: 37 | AB143: 37 | AC143: 26 | AD143: 19 | AE143: 15 | AF143: 6 | AG143: 26 | AH143: 16 | AI143: 12 | AJ143: 20 | AK143: 9 | AL143: 25 | AM143: 19 | AN143: 466 | AO143: 738 | AP143: 635 | AQ143: 854 | AR143: 478 | AS143: 425 | AT143: 311 | AU143: 187 | AV143: 147 | AW143: 242 | AX143: 133 | AY143: 172
... B204: 0.50658565 | C204: 37.1 | AB204: 28 | AC204: 28 | AD204: 20 | AE204: 3 | AF204: 24 | AG204: 7 | AH204: 6 | AI204: 10 | AJ204: 9 | AK204: 1 | AL204: 13 | AM204: 14 | AN204: 814 | AO204: 1753 | AP204: 1755 | AQ204: 1629 | AR204: 11781 | AS204: 11534 | AT204: 3926 | AU204: 2781 | AV204: 1480 | AW204: 1826 | AX204: 3709 | AY204: 1078
A206: OD600:600
B208: Time | C208: T° OD600:600 | D208: A1 | E208: A2 | F208: A3 | G208: A4 | H208: A5 | I208: A6 | J208: A7 | K208: A8 | L208: A9 | M208: A10 | N208: A11 | O208: A12 | P208: B1 | Q208: B2 | R208: B3 | S208: B4 | T208: B5 | U208: B6 | V208: B7 | W208: B8 | X208: B9 | Y208: B10 | Z208: B11 | AA208: B12 | AB208: C1 | AC208: C2 | AD208: C3 | AE208: C4 | AF208: C5 | AG208: C6 | AH208: C7 | AI208: C8 | AJ208: C9 | AK208: C10 | AL208: C11 | AM208: C12 | AN208: D1 | AO208: D2 | AP208: D3 | AQ208: D4 | AR208: D5 | AS208: D6 | AT208: D7 | AU208: D8 | AV208: D9 | AW208: D10 | AX208: D11 | AY208: D12 | AZ208: E1 | BA208: E2 | BB208: E3 | BC208: E4 | BD208: E5 | BE208: E6 | BF208: E7 | BG208: E8 | BH208: E9 | BI208: E10 | BJ208: E11 | BK208: E12 | BL208: F1 | BM208: F2 | BN208: F3 | BO208: F4 | BP208: F5 | BQ208: F6 | BR208: F7 | BS208: F8 | BT208: F9 | BU208: F10 | BV208: F11 | BW208: F12 | BX208: G1 | BY208: G2 | BZ208: G3 | CA208: G4 | CB208: G5 | CC208: G6 | CD208: G7 | CE208: G8 | CF208: G9 | CG208: G10 | CH208: G11 | CI208: G12 | CJ208: H1 | CK208: H2 | CL208: H3 | CM208: H4 | CN208: H5 | CO208: H6 | CP208: H7 | CQ208: H8 | CR208: H9 | CS208: H10 | CT208: H11 | CU208: H12
B209: 0.0067592593 | C209: 37 | AB209: 0.08 | AC209: 0.081 | AD209: 0.083 | AE209: 0.082 | AF209: 0.084 | AG209: 0.084 | AH209: 0.084 | AI209: 0.084 | AJ209: 0.082 | AK209: 0.085 | AL209: 0.085 | AM209: 0.084 | AN209: 0.095 | AO209: 0.091 | AP209: 0.09 | AQ209: 0.083 | AR209: 0.081 | AS209: 0.08 | AT209: 0.081 | AU209: 0.077 | AV209: 0.08 | AW209: 0.083 | AX209: 0.079 | AY209: 0.084
B210: 0.013703704 | C210: 37 | AB210: 0.08 | AC210: 0.081 | AD210: 0.083 | AE210: 0.082 | AF210: 0.084 | AG210: 0.084 | AH210: 0.084 | AI210: 0.084 | AJ210: 0.082 | AK210: 0.085 | AL210: 0.085 | AM210: 0.084 | AN210: 0.094 | AO210: 0.092 | AP210: 0.09 | AQ210: 0.084 | AR210: 0.081 | AS210: 0.081 | AT210: 0.08 | AU210: 0.077 | AV210: 0.08 | AW210: 0.083 | AX210: 0.08 | AY210: 0.084
B211: 0.020648148 | C211: 37 | AB211: 0.08 | AC211: 0.081 | AD211: 0.083 | AE211: 0.083 | AF211: 0.084 | AG211: 0.085 | AH211: 0.084 | AI211: 0.084 | AJ211: 0.082 | AK211: 0.085 | AL211: 0.093 | AM211: 0.084 | AN211: 0.095 | AO211: 0.093 | AP211: 0.091 | AQ211: 0.085 | AR211: 0.081 | AS211: 0.081 | AT211: 0.083 | AU211: 0.078 | AV211: 0.081 | AW211: 0.083 | AX211: 0.079 | AY211: 0.084
B212: 0.027592593 | C212: 37 | AB212: 0.08 | AC212: 0.08 | AD212: 0.083 | AE212: 0.083 | AF212: 0.085 | AG212: 0.085 | AH212: 0.085 | AI212: 0.084 | AJ212: 0.082 | AK212: 0.085 | AL212: 0.093 | AM212: 0.084 | AN212: 0.098 | AO212: 0.095 | AP212: 0.092 | AQ212: 0.086 | AR212: 0.081 | AS212: 0.082 | AT212: 0.082 | AU212: 0.078 | AV212: 0.082 | AW212: 0.084 | AX212: 0.079 | AY212: 0.085
B213: 0.034537037 | C213: 37 | AB213: 0.08 | AC213: 0.081 | AD213: 0.083 | AE213: 0.084 | AF213: 0.085 | AG213: 0.085 | AH213: 0.085 | AI213: 0.085 | AJ213: 0.082 | AK213: 0.086 | AL213: 0.093 | AM213: 0.084 | AN213: 0.1 | AO213: 0.097 | AP213: 0.095 | AQ213: 0.089 | AR213: 0.083 | AS213: 0.083 | AT213: 0.084 | AU213: 0.078 | AV213: 0.083 | AW213: 0.084 | AX213: 0.08 | AY213: 0.086
B214: 0.041481481 | C214: 37 | AB214: 0.08 | AC214: 0.08 | AD214: 0.083 | AE214: 0.084 | AF214: 0.086 | AG214: 0.085 | AH214: 0.085 | AI214: 0.085 | AJ214: 0.082 | AK214: 0.086 | AL214: 0.093 | AM214: 0.084 | AN214: 0.104 | AO214: 0.099 | AP214: 0.097 | AQ214: 0.092 | AR214: 0.084 | AS214: 0.084 | AT214: 0.083 | AU214: 0.079 | AV214: 0.085 | AW214: 0.085 | AX214: 0.082 | AY214: 0.09
B215: 0.048425926 | C215: 37 | AB215: 0.08 | AC215: 0.08 | AD215: 0.083 | AE215: 0.084 | AF215: 0.086 | AG215: 0.085 | AH215: 0.085 | AI215: 0.085 | AJ215: 0.082 | AK215: 0.086 | AL215: 0.093 | AM215: 0.084 | AN215: 0.107 | AO215: 0.103 | AP215: 0.1 | AQ215: 0.096 | AR215: 0.085 | AS215: 0.086 | AT215: 0.084 | AU215: 0.079 | AV215: 0.087 | AW215: 0.087 | AX215: 0.084 | AY215: 0.092
B216: 0.05537037 | C216: 37 | AB216: 0.08 | AC216: 0.081 | AD216: 0.083 | AE216: 0.084 | AF216: 0.086 | AG216: 0.085 | AH216: 0.085 | AI216: 0.085 | AJ216: 0.082 | AK216: 0.086 | AL216: 0.093 | AM216: 0.084 | AN216: 0.113 | AO216: 0.107 | AP216: 0.103 | AQ216: 0.1 | AR216: 0.087 | AS216: 0.087 | AT216: 0.085 | AU216: 0.08 | AV216: 0.09 | AW216: 0.088 | AX216: 0.084 | AY216: 0.095
B217: 0.062314815 | C217: 37 | AB217: 0.08 | AC217: 0.08 | AD217: 0.083 | AE217: 0.085 | AF217: 0.086 | AG217: 0.085 | AH217: 0.085 | AI217: 0.085 | AJ217: 0.082 | AK217: 0.086 | AL217: 0.093 | AM217: 0.084 | AN217: 0.12 | AO217: 0.112 | AP217: 0.108 | AQ217: 0.105 | AR217: 0.088 | AS217: 0.088 | AT217: 0.086 | AU217: 0.081 | AV217: 0.094 | AW217: 0.09 | AX217: 0.088 | AY217: 0.099
B218: 0.069259259 | C218: 37 | AB218: 0.079 | AC218: 0.08 | AD218: 0.083 | AE218: 0.085 | AF218: 0.086 | AG218: 0.085 | AH218: 0.085 | AI218: 0.085 | AJ218: 0.082 | AK218: 0.086 | AL218: 0.093 | AM218: 0.084 | AN218: 0.126 | AO218: 0.118 | AP218: 0.114 | AQ218: 0.112 | AR218: 0.09 | AS218: 0.091 | AT218: 0.088 | AU218: 0.083 | AV218: 0.101 | AW218: 0.091 | AX218: 0.092 | AY218: 0.103
B219: 0.076203704 | C219: 37 | AB219: 0.08 | AC219: 0.08 | AD219: 0.083 | AE219: 0.085 | AF219: 0.086 | AG219: 0.085 | AH219: 0.085 | AI219: 0.085 | AJ219: 0.082 | AK219: 0.086 | AL219: 0.093 | AM219: 0.084 | AN219: 0.132 | AO219: 0.123 | AP219: 0.119 | AQ219: 0.119 | AR219: 0.092 | AS219: 0.093 | AT219: 0.092 | AU219: 0.085 | AV219: 0.106 | AW219: 0.097 | AX219: 0.095 | AY219: 0.104
B220: 0.083148148 | C220: 37 | AB220: 0.079 | AC220: 0.08 | AD220: 0.083 | AE220: 0.085 | AF220: 0.086 | AG220: 0.085 | AH220: 0.085 | AI220: 0.085 | AJ220: 0.082 | AK220: 0.085 | AL220: 0.093 | AM220: 0.084 | AN220: 0.142 | AO220: 0.131 | AP220: 0.126 | AQ220: 0.127 | AR220: 0.096 | AS220: 0.095 | AT220: 0.094 | AU220: 0.087 | AV220: 0.107 | AW220: 0.101 | AX220: 0.1 | AY220: 0.106
... B281: 0.50675926 | C281: 37 | AB281: 0.08 | AC281: 0.081 | AD281: 0.083 | AE281: 0.087 | AF281: 0.087 | AG281: 0.086 | AH281: 0.085 | AI281: 0.085 | AJ281: 0.082 | AK281: 0.086 | AL281: 0.093 | AM281: 0.084 | AN281: 0.571 | AO281: 0.558 | AP281: 0.554 | AQ281: 0.546 | AR281: 0.491 | AS281: 0.489 | AT281: 0.52 | AU281: 0.482 | AV281: 0.221 | AW281: 0.12 | AX281: 0.223 | AY281: 0.242
A283: Results
C285: 1 | D285: 2 | E285: 3 | F285: 4 | G285: 5 | H285: 6 | I285: 7 | J285: 8 | K285: 9 | L285: 10 | M285: 11 | N285: 12
B286: A | C286: ????? | D286: ????? | E286: ????? | F286: ????? | G286: ????? | H286: ????? | I286: ????? | J286: ????? | K286: ????? | L286: ????? | M286: ????? | N286: ????? | O286: Max V [sfYFP:503,540]
C287: ????? | D287: ????? | E287: ????? | F287: ????? | G287: ????? | H287: ????? | I287: ????? | J287: ????? | K287: ????? | L287: ????? | M287: ????? | N287: ????? | O287: R-Squared [sfYFP:503,540]
C288: ????? | D288: ????? | E288: ????? | F288: ????? | G288: ????? | H288: ????? | I288: ????? | J288: ????? | K288: ????? | L288: ????? | M288: ????? | N288: ????? | O288: t at Max V [sfYFP:503,540]
C289: ????? | D289: ????? | E289: ????? | F289: ????? | G289: ????? | H289: ????? | I289: ????? | J289: ????? | K289: ????? | L289: ????? | M289: ????? | N289: ????? | O289: Lagtime [sfYFP:503,540]
C290: ????? | D290: ????? | E290: ????? | F290: ????? | G290: ????? | H290: ????? | I290: ????? | J290: ????? | K290: ????? | L290: ????? | M290: ????? | N290: ????? | O290: Max V [sfYFP:503,540[2]]
C291: ????? | D291: ????? | E291: ????? | F291: ????? | G291: ????? | H291: ????? | I291: ????? | J291: ????? | K291: ????? | L291: ????? | M291: ????? | N291: ????? | O291: R-Squared [sfYFP:503,540[2]]
C292: ????? | D292: ????? | E292: ????? | F292: ????? | G292: ????? | H292: ????? | I292: ????? | J292: ????? | K292: ????? | L292: ????? | M292: ????? | N292: ????? | O292: t at Max V [sfYFP:503,540[2]]
C293: ????? | D293: ????? | E293: ????? | F293: ????? | G293: ????? | H293: ????? | I293: ????? | J293: ????? | K293: ????? | L293: ????? | M293: ????? | N293: ????? | O293: Lagtime [sfYFP:503,540[2]]
...

Sheet OD
A1: Time | B1: Time (min) | C1: C1 | D1: C2 | E1: C3 | F1: C4 | G1: C5 | H1: C6 | I1: C7 | J1: C8 | K1: C9 | L1: C10 | M1: C11 | N1: C12 | O1: D1 | P1: D2 | Q1: D3 | R1: D4 | S1: D5 | T1: D6 | U1: D7 | V1: D8 | W1: D9 | X1: D10 | Y1: D11 | Z1: D12
A2: 0.0067592593 | B2: 10 | C2: ='Plate 1 - Sheet1'!AB209 -> 0.08 | D2: ='Plate 1 - Sheet1'!AC209 -> 0.081 | E2: ='Plate 1 - Sheet1'!AD209 -> 0.083 | F2: ='Plate 1 - Sheet1'!AE209 -> 0.082 | G2: ='Plate 1 - Sheet1'!AF209 -> 0.084 | H2: ='Plate 1 - Sheet1'!AG209 -> 0.084 | I2: ='Plate 1 - Sheet1'!AH209 -> 0.084 | J2: ='Plate 1 - Sheet1'!AI209 -> 0.084 | ... Z2: ='Plate 1 - Sheet1'!AY209 -> 0.084
A3: 0.013703704 | B3: 20 | C3: ='Plate 1 - Sheet1'!AB210 -> 0.08 | D3: ='Plate 1 - Sheet1'!AC210 -> 0.081 | E3: ='Plate 1 - Sheet1'!AD210 -> 0.083 | F3: ='Plate 1 - Sheet1'!AE210 -> 0.082 | G3: ='Plate 1 - Sheet1'!AF210 -> 0.084 | H3: ='Plate 1 - Sheet1'!AG210 -> 0.084 | I3: ='Plate 1 - Sheet1'!AH210 -> 0.084 | J3: ='Plate 1 - Sheet1'!AI210 -> 0.084 | ... Z3: ='Plate 1 - Sheet1'!AY210 -> 0.084
A4: 0.020648148 | B4: 30 | C4: ='Plate 1 - Sheet1'!AB211 -> 0.08 | D4: ='Plate 1 - Sheet1'!AC211 -> 0.081 | E4: ='Plate 1 - Sheet1'!AD211 -> 0.083 | F4: ='Plate 1 - Sheet1'!AE211 -> 0.083 | G4: ='Plate 1 - Sheet1'!AF211 -> 0.084 | H4: ='Plate 1 - Sheet1'!AG211 -> 0.085 | I4: ='Plate 1 - Sheet1'!AH211 -> 0.084 | J4: ='Plate 1 - Sheet1'!AI211 -> 0.084 | ... Z4: ='Plate 1 - Sheet1'!AY211 -> 0.084
A5: 0.027592593 | B5: 40 | C5: ='Plate 1 - Sheet1'!AB212 -> 0.08 | D5: ='Plate 1 - Sheet1'!AC212 -> 0.08 | E5: ='Plate 1 - Sheet1'!AD212 -> 0.083 | F5: ='Plate 1 - Sheet1'!AE212 -> 0.083 | G5: ='Plate 1 - Sheet1'!AF212 -> 0.085 | H5: ='Plate 1 - Sheet1'!AG212 -> 0.085 | I5: ='Plate 1 - Sheet1'!AH212 -> 0.085 | J5: ='Plate 1 - Sheet1'!AI212 -> 0.084 | ... Z5: ='Plate 1 - Sheet1'!AY212 -> 0.085
A6: 0.034537037 | B6: 50 | C6: ='Plate 1 - Sheet1'!AB213 -> 0.08 | D6: ='Plate 1 - Sheet1'!AC213 -> 0.081 | E6: ='Plate 1 - Sheet1'!AD213 -> 0.083 | F6: ='Plate 1 - Sheet1'!AE213 -> 0.084 | G6: ='Plate 1 - Sheet1'!AF213 -> 0.085 | H6: ='Plate 1 - Sheet1'!AG213 -> 0.085 | I6: ='Plate 1 - Sheet1'!AH213 -> 0.085 | J6: ='Plate 1 - Sheet1'!AI213 -> 0.085 | ... Z6: ='Plate 1 - Sheet1'!AY213 -> 0.086
A7: 0.041481481 | B7: 60 | C7: ='Plate 1 - Sheet1'!AB214 -> 0.08 | D7: ='Plate 1 - Sheet1'!AC214 -> 0.08 | E7: ='Plate 1 - Sheet1'!AD214 -> 0.083 | F7: ='Plate 1 - Sheet1'!AE214 -> 0.084 | G7: ='Plate 1 - Sheet1'!AF214 -> 0.086 | H7: ='Plate 1 - Sheet1'!AG214 -> 0.085 | I7: ='Plate 1 - Sheet1'!AH214 -> 0.085 | J7: ='Plate 1 - Sheet1'!AI214 -> 0.085 | ... Z7: ='Plate 1 - Sheet1'!AY214 -> 0.09
A8: 0.048425926 | B8: 70 | C8: ='Plate 1 - Sheet1'!AB215 -> 0.08 | D8: ='Plate 1 - Sheet1'!AC215 -> 0.08 | E8: ='Plate 1 - Sheet1'!AD215 -> 0.083 | F8: ='Plate 1 - Sheet1'!AE215 -> 0.084 | G8: ='Plate 1 - Sheet1'!AF215 -> 0.086 | H8: ='Plate 1 - Sheet1'!AG215 -> 0.085 | I8: ='Plate 1 - Sheet1'!AH215 -> 0.085 | J8: ='Plate 1 - Sheet1'!AI215 -> 0.085 | ... Z8: ='Plate 1 - Sheet1'!AY215 -> 0.092
A9: 0.05537037 | B9: 80 | C9: ='Plate 1 - Sheet1'!AB216 -> 0.08 | D9: ='Plate 1 - Sheet1'!AC216 -> 0.081 | E9: ='Plate 1 - Sheet1'!AD216 -> 0.083 | F9: ='Plate 1 - Sheet1'!AE216 -> 0.084 | G9: ='Plate 1 - Sheet1'!AF216 -> 0.086 | H9: ='Plate 1 - Sheet1'!AG216 -> 0.085 | I9: ='Plate 1 - Sheet1'!AH216 -> 0.085 | J9: ='Plate 1 - Sheet1'!AI216 -> 0.085 | ... Z9: ='Plate 1 - Sheet1'!AY216 -> 0.095
A10: 0.062314815 | B10: 90 | C10: ='Plate 1 - Sheet1'!AB217 -> 0.08 | D10: ='Plate 1 - Sheet1'!AC217 -> 0.08 | E10: ='Plate 1 - Sheet1'!AD217 -> 0.083 | F10: ='Plate 1 - Sheet1'!AE217 -> 0.085 | G10: ='Plate 1 - Sheet1'!AF217 -> 0.086 | H10: ='Plate 1 - Sheet1'!AG217 -> 0.085 | I10: ='Plate 1 - Sheet1'!AH217 -> 0.085 | J10: ='Plate 1 - Sheet1'!AI217 -> 0.085 | ... Z10: ='Plate 1 - Sheet1'!AY217 -> 0.099
A11: 0.069259259 | B11: 100 | C11: ='Plate 1 - Sheet1'!AB218 -> 0.079 | D11: ='Plate 1 - Sheet1'!AC218 -> 0.08 | E11: ='Plate 1 - Sheet1'!AD218 -> 0.083 | F11: ='Plate 1 - Sheet1'!AE218 -> 0.085 | G11: ='Plate 1 - Sheet1'!AF218 -> 0.086 | H11: ='Plate 1 - Sheet1'!AG218 -> 0.085 | I11: ='Plate 1 - Sheet1'!AH218 -> 0.085 | J11: ='Plate 1 - Sheet1'!AI218 -> 0.085 | ... Z11: ='Plate 1 - Sheet1'!AY218 -> 0.103
A12: 0.076203704 | B12: 110 | C12: ='Plate 1 - Sheet1'!AB219 -> 0.08 | D12: ='Plate 1 - Sheet1'!AC219 -> 0.08 | E12: ='Plate 1 - Sheet1'!AD219 -> 0.083 | F12: ='Plate 1 - Sheet1'!AE219 -> 0.085 | G12: ='Plate 1 - Sheet1'!AF219 -> 0.086 | H12: ='Plate 1 - Sheet1'!AG219 -> 0.085 | I12: ='Plate 1 - Sheet1'!AH219 -> 0.085 | J12: ='Plate 1 - Sheet1'!AI219 -> 0.085 | ... Z12: ='Plate 1 - Sheet1'!AY219 -> 0.104
A13: 0.083148148 | B13: 120 | C13: ='Plate 1 - Sheet1'!AB220 -> 0.079 | D13: ='Plate 1 - Sheet1'!AC220 -> 0.08 | E13: ='Plate 1 - Sheet1'!AD220 -> 0.083 | F13: ='Plate 1 - Sheet1'!AE220 -> 0.085 | G13: ='Plate 1 - Sheet1'!AF220 -> 0.086 | H13: ='Plate 1 - Sheet1'!AG220 -> 0.085 | I13: ='Plate 1 - Sheet1'!AH220 -> 0.085 | J13: ='Plate 1 - Sheet1'!AI220 -> 0.085 | ... Z13: ='Plate 1 - Sheet1'!AY220 -> 0.106
... A74: 0.50675926 | B74: 730 | C74: ='Plate 1 - Sheet1'!AB281 -> 0.08 | D74: ='Plate 1 - Sheet1'!AC281 -> 0.081 | E74: ='Plate 1 - Sheet1'!AD281 -> 0.083 | F74: ='Plate 1 - Sheet1'!AE281 -> 0.087 | G74: ='Plate 1 - Sheet1'!AF281 -> 0.087 | H74: ='Plate 1 - Sheet1'!AG281 -> 0.086 | I74: ='Plate 1 - Sheet1'!AH281 -> 0.085 | J74: ='Plate 1 - Sheet1'!AI281 -> 0.085 | ... Z74: ='Plate 1 - Sheet1'!AY281 -> 0.242

Sheet FL
B1: Time (min) | C1: C1 | D1: C2 | E1: C3 | F1: C4 | G1: C5 | H1: C6 | I1: C7 | J1: C8 | K1: C9 | L1: C10 | M1: C11 | N1: C12 | O1: D1 | P1: D2 | Q1: D3 | R1: D4 | S1: D5 | T1: D6 | U1: D7 | V1: D8 | W1: D9 | X1: D10 | Y1: D11 | Z1: D12
B2: 10 | C2: ='Plate 1 - Sheet1'!AB132 -> 30 | D2: ='Plate 1 - Sheet1'!AC132 -> 30 | E2: ='Plate 1 - Sheet1'!AD132 -> 26 | F2: ='Plate 1 - Sheet1'!AE132 -> 16 | G2: ='Plate 1 - Sheet1'!AF132 -> 7 | H2: ='Plate 1 - Sheet1'!AG132 -> 11 | I2: ='Plate 1 - Sheet1'!AH132 -> 17 | J2: ='Plate 1 - Sheet1'!AI132 -> 14 | ... Z2: ='Plate 1 - Sheet1'!AY132 -> 45
B3: 20 | C3: ='Plate 1 - Sheet1'!AB133 -> 30 | D3: ='Plate 1 - Sheet1'!AC133 -> 34 | E3: ='Plate 1 - Sheet1'!AD133 -> 35 | F3: ='Plate 1 - Sheet1'!AE133 -> 7 | G3: ='Plate 1 - Sheet1'!AF133 -> 13 | H3: ='Plate 1 - Sheet1'!AG133 -> 8 | I3: ='Plate 1 - Sheet1'!AH133 -> 13 | J3: ='Plate 1 - Sheet1'!AI133 -> 5 | ... Z3: ='Plate 1 - Sheet1'!AY133 -> 70
B4: 30 | C4: ='Plate 1 - Sheet1'!AB134 -> 44 | D4: ='Plate 1 - Sheet1'!AC134 -> 27 | E4: ='Plate 1 - Sheet1'!AD134 -> 26 | F4: ='Plate 1 - Sheet1'!AE134 -> 17 | G4: ='Plate 1 - Sheet1'!AF134 -> 10 | H4: ='Plate 1 - Sheet1'!AG134 -> 7 | I4: ='Plate 1 - Sheet1'!AH134 -> 4 | J4: ='Plate 1 - Sheet1'!AI134 -> 8 | ... Z4: ='Plate 1 - Sheet1'!AY134 -> 61
B5: 40 | C5: ='Plate 1 - Sheet1'!AB135 -> 21 | D5: ='Plate 1 - Sheet1'!AC135 -> 31 | E5: ='Plate 1 - Sheet1'!AD135 -> 38 | F5: ='Plate 1 - Sheet1'!AE135 -> 20 | G5: ='Plate 1 - Sheet1'!AF135 -> 7 | H5: ='Plate 1 - Sheet1'!AG135 -> 8 | I5: ='Plate 1 - Sheet1'!AH135 -> 21 | J5: ='Plate 1 - Sheet1'!AI135 -> 5 | ... Z5: ='Plate 1 - Sheet1'!AY135 -> 60
B6: 50 | C6: ='Plate 1 - Sheet1'!AB136 -> 25 | D6: ='Plate 1 - Sheet1'!AC136 -> 15 | E6: ='Plate 1 - Sheet1'!AD136 -> 29 | F6: ='Plate 1 - Sheet1'!AE136 -> 12 | G6: ='Plate 1 - Sheet1'!AF136 -> 14 | H6: ='Plate 1 - Sheet1'!AG136 -> 13 | I6: ='Plate 1 - Sheet1'!AH136 -> 0 | J6: ='Plate 1 - Sheet1'!AI136 -> 33 | ... Z6: ='Plate 1 - Sheet1'!AY136 -> 73
B7: 60 | C7: ='Plate 1 - Sheet1'!AB137 -> 31 | D7: ='Plate 1 - Sheet1'!AC137 -> 39 | E7: ='Plate 1 - Sheet1'!AD137 -> 35 | F7: ='Plate 1 - Sheet1'!AE137 -> 25 | G7: ='Plate 1 - Sheet1'!AF137 -> 8 | H7: ='Plate 1 - Sheet1'!AG137 -> 3 | I7: ='Plate 1 - Sheet1'!AH137 -> 20 | J7: ='Plate 1 - Sheet1'!AI137 -> 15 | ... Z7: ='Plate 1 - Sheet1'!AY137 -> 70
B8: 70 | C8: ='Plate 1 - Sheet1'!AB138 -> 16 | D8: ='Plate 1 - Sheet1'!AC138 -> 21 | E8: ='Plate 1 - Sheet1'!AD138 -> 34 | F8: ='Plate 1 - Sheet1'!AE138 -> 13 | G8: ='Plate 1 - Sheet1'!AF138 -> 8 | H8: ='Plate 1 - Sheet1'!AG138 -> 16 | I8: ='Plate 1 - Sheet1'!AH138 -> 15 | J8: ='Plate 1 - Sheet1'!AI138 -> 19 | ... Z8: ='Plate 1 - Sheet1'!AY138 -> 65
B9: 80 | C9: ='Plate 1 - Sheet1'!AB139 -> 41 | D9: ='Plate 1 - Sheet1'!AC139 -> 17 | E9: ='Plate 1 - Sheet1'!AD139 -> 35 | F9: ='Plate 1 - Sheet1'!AE139 -> 4 | G9: ='Plate 1 - Sheet1'!AF139 -> 13 | H9: ='Plate 1 - Sheet1'!AG139 -> 12 | I9: ='Plate 1 - Sheet1'!AH139 -> 16 | J9: ='Plate 1 - Sheet1'!AI139 -> 3 | ... Z9: ='Plate 1 - Sheet1'!AY139 -> 53
B10: 90 | C10: ='Plate 1 - Sheet1'!AB140 -> 39 | D10: ='Plate 1 - Sheet1'!AC140 -> 18 | E10: ='Plate 1 - Sheet1'!AD140 -> 40 | F10: ='Plate 1 - Sheet1'!AE140 -> 23 | G10: ='Plate 1 - Sheet1'!AF140 -> 9 | H10: ='Plate 1 - Sheet1'!AG140 -> 12 | I10: ='Plate 1 - Sheet1'!AH140 -> 25 | J10: ='Plate 1 - Sheet1'!AI140 -> 3 | ... Z10: ='Plate 1 - Sheet1'!AY140 -> 68
B11: 100 | C11: ='Plate 1 - Sheet1'!AB141 -> 34 | D11: ='Plate 1 - Sheet1'!AC141 -> 30 | E11: ='Plate 1 - Sheet1'!AD141 -> 40 | F11: ='Plate 1 - Sheet1'!AE141 -> 0 | G11: ='Plate 1 - Sheet1'!AF141 -> 17 | H11: ='Plate 1 - Sheet1'!AG141 -> 8 | I11: ='Plate 1 - Sheet1'!AH141 -> 12 | J11: ='Plate 1 - Sheet1'!AI141 -> 6 | ... Z11: ='Plate 1 - Sheet1'!AY141 -> 154
B12: 110 | C12: ='Plate 1 - Sheet1'!AB142 -> 20 | D12: ='Plate 1 - Sheet1'!AC142 -> 22 | E12: ='Plate 1 - Sheet1'!AD142 -> 26 | F12: ='Plate 1 - Sheet1'!AE142 -> 14 | G12: ='Plate 1 - Sheet1'!AF142 -> 11 | H12: ='Plate 1 - Sheet1'!AG142 -> 12 | I12: ='Plate 1 - Sheet1'!AH142 -> 17 | J12: ='Plate 1 - Sheet1'!AI142 -> 23 | ... Z12: ='Plate 1 - Sheet1'!AY142 -> 149
B13: 120 | C13: ='Plate 1 - Sheet1'!AB143 -> 37 | D13: ='Plate 1 - Sheet1'!AC143 -> 26 | E13: ='Plate 1 - Sheet1'!AD143 -> 19 | F13: ='Plate 1 - Sheet1'!AE143 -> 15 | G13: ='Plate 1 - Sheet1'!AF143 -> 6 | H13: ='Plate 1 - Sheet1'!AG143 -> 26 | I13: ='Plate 1 - Sheet1'!AH143 -> 16 | J13: ='Plate 1 - Sheet1'!AI143 -> 12 | ... Z13: ='Plate 1 - Sheet1'!AY143 -> 172
... B74: 730 | C74: ='Plate 1 - Sheet1'!AB204 -> 28 | D74: ='Plate 1 - Sheet1'!AC204 -> 28 | E74: ='Plate 1 - Sheet1'!AD204 -> 20 | F74: ='Plate 1 - Sheet1'!AE204 -> 3 | G74: ='Plate 1 - Sheet1'!AF204 -> 24 | H74: ='Plate 1 - Sheet1'!AG204 -> 7 | I74: ='Plate 1 - Sheet1'!AH204 -> 6 | J74: ='Plate 1 - Sheet1'!AI204 -> 10 | ... Z74: ='Plate 1 - Sheet1'!AY204 -> 1078

Sheet FL by OD
B1: Time (min) | C1: C1 | D1: C2 | E1: C3 | F1: C4 | G1: C5 | H1: C6 | I1: C7 | J1: C8 | K1: C9 | L1: C10 | M1: C11 | N1: C12 | O1: D1 | P1: D2 | Q1: D3 | R1: D4 | S1: D5 | T1: D6 | U1: D7 | V1: D8 | W1: D9 | X1: D10 | Y1: D11 | Z1: D12
B2: 10 | C2: =FL!C2/OD!C2 -> 375 | D2: =FL!D2/OD!D2 -> 370.37037 | E2: =FL!E2/OD!E2 -> 313.25301 | F2: =FL!F2/OD!F2 -> 195.12195 | G2: =FL!G2/OD!G2 -> 83.333333 | H2: =FL!H2/OD!H2 -> 130.95238 | I2: =FL!I2/OD!I2 -> 202.38095 | J2: =FL!J2/OD!J2 -> 166.66667 | ... Z2: =FL!Z2/OD!Z2 -> 535.71429
B3: 20 | C3: =FL!C3/OD!C3 -> 375 | D3: =FL!D3/OD!D3 -> 419.75309 | E3: =FL!E3/OD!E3 -> 421.68675 | F3: =FL!F3/OD!F3 -> 85.365854 | G3: =FL!G3/OD!G3 -> 154.7619 | H3: =FL!H3/OD!H3 -> 95.238095 | I3: =FL!I3/OD!I3 -> 154.7619 | J3: =FL!J3/OD!J3 -> 59.52381 | ... Z3: =FL!Z3/OD!Z3 -> 833.33333
B4: 30 | C4: =FL!C4/OD!C4 -> 550 | D4: =FL!D4/OD!D4 -> 333.33333 | E4: =FL!E4/OD!E4 -> 313.25301 | F4: =FL!F4/OD!F4 -> 204.81928 | G4: =FL!G4/OD!G4 -> 119.04762 | H4: =FL!H4/OD!H4 -> 82.352941 | I4: =FL!I4/OD!I4 -> 47.619048 | J4: =FL!J4/OD!J4 -> 95.238095 | ... Z4: =FL!Z4/OD!Z4 -> 726.19048
B5: 40 | C5: =FL!C5/OD!C5 -> 262.5 | D5: =FL!D5/OD!D5 -> 387.5 | E5: =FL!E5/OD!E5 -> 457.83133 | F5: =FL!F5/OD!F5 -> 240.96386 | G5: =FL!G5/OD!G5 -> 82.352941 | H5: =FL!H5/OD!H5 -> 94.117647 | I5: =FL!I5/OD!I5 -> 247.05882 | J5: =FL!J5/OD!J5 -> 59.52381 | ... Z5: =FL!Z5/OD!Z5 -> 705.88235
B6: 50 | C6: =FL!C6/OD!C6 -> 312.5 | D6: =FL!D6/OD!D6 -> 185.18519 | E6: =FL!E6/OD!E6 -> 349.39759 | F6: =FL!F6/OD!F6 -> 142.85714 | G6: =FL!G6/OD!G6 -> 164.70588 | H6: =FL!H6/OD!H6 -> 152.94118 | I6: =FL!I6/OD!I6 -> 0 | J6: =FL!J6/OD!J6 -> 388.23529 | ... Z6: =FL!Z6/OD!Z6 -> 848.83721
B7: 60 | C7: =FL!C7/OD!C7 -> 387.5 | D7: =FL!D7/OD!D7 -> 487.5 | E7: =FL!E7/OD!E7 -> 421.68675 | F7: =FL!F7/OD!F7 -> 297.61905 | G7: =FL!G7/OD!G7 -> 93.023256 | H7: =FL!H7/OD!H7 -> 35.294118 | I7: =FL!I7/OD!I7 -> 235.29412 | J7: =FL!J7/OD!J7 -> 176.47059 | ... Z7: =FL!Z7/OD!Z7 -> 777.77778
B8: 70 | C8: =FL!C8/OD!C8 -> 200 | D8: =FL!D8/OD!D8 -> 262.5 | E8: =FL!E8/OD!E8 -> 409.63855 | F8: =FL!F8/OD!F8 -> 154.7619 | G8: =FL!G8/OD!G8 -> 93.023256 | H8: =FL!H8/OD!H8 -> 188.23529 | I8: =FL!I8/OD!I8 -> 176.47059 | J8: =FL!J8/OD!J8 -> 223.52941 | ... Z8: =FL!Z8/OD!Z8 -> 706.52174
B9: 80 | C9: =FL!C9/OD!C9 -> 512.5 | D9: =FL!D9/OD!D9 -> 209.87654 | E9: =FL!E9/OD!E9 -> 421.68675 | F9: =FL!F9/OD!F9 -> 47.619048 | G9: =FL!G9/OD!G9 -> 151.16279 | H9: =FL!H9/OD!H9 -> 141.17647 | I9: =FL!I9/OD!I9 -> 188.23529 | J9: =FL!J9/OD!J9 -> 35.294118 | ... Z9: =FL!Z9/OD!Z9 -> 557.89474
B10: 90 | C10: =FL!C10/OD!C10 -> 487.5 | D10: =FL!D10/OD!D10 -> 225 | E10: =FL!E10/OD!E10 -> 481.92771 | F10: =FL!F10/OD!F10 -> 270.58824 | G10: =FL!G10/OD!G10 -> 104.65116 | H10: =FL!H10/OD!H10 -> 141.17647 | I10: =FL!I10/OD!I10 -> 294.11765 | J10: =FL!J10/OD!J10 -> 35.294118 | ... Z10: =FL!Z10/OD!Z10 -> 686.86869
B11: 100 | C11: =FL!C11/OD!C11 -> 430.37975 | D11: =FL!D11/OD!D11 -> 375 | E11: =FL!E11/OD!E11 -> 481.92771 | F11: =FL!F11/OD!F11 -> 0 | G11: =FL!G11/OD!G11 -> 197.67442 | H11: =FL!H11/OD!H11 -> 94.117647 | I11: =FL!I11/OD!I11 -> 141.17647 | J11: =FL!J11/OD!J11 -> 70.588235 | ... Z11: =FL!Z11/OD!Z11 -> 1495.1456
B12: 110 | C12: =FL!C12/OD!C12 -> 250 | D12: =FL!D12/OD!D12 -> 275 | E12: =FL!E12/OD!E12 -> 313.25301 | F12: =FL!F12/OD!F12 -> 164.70588 | G12: =FL!G12/OD!G12 -> 127.90698 | H12: =FL!H12/OD!H12 -> 141.17647 | I12: =FL!I12/OD!I12 -> 200 | J12: =FL!J12/OD!J12 -> 270.58824 | ... Z12: =FL!Z12/OD!Z12 -> 1432.6923
B13: 120 | C13: =FL!C13/OD!C13 -> 468.35443 | D13: =FL!D13/OD!D13 -> 325 | E13: =FL!E13/OD!E13 -> 228.91566 | F13: =FL!F13/OD!F13 -> 176.47059 | G13: =FL!G13/OD!G13 -> 69.767442 | H13: =FL!H13/OD!H13 -> 305.88235 | I13: =FL!I13/OD!I13 -> 188.23529 | J13: =FL!J13/OD!J13 -> 141.17647 | ... Z13: =FL!Z13/OD!Z13 -> 1622.6415
... B74: 730 | C74: =FL!C74/OD!C74 -> 350 | D74: =FL!D74/OD!D74 -> 345.67901 | E74: =FL!E74/OD!E74 -> 240.96386 | F74: =FL!F74/OD!F74 -> 34.482759 | G74: =FL!G74/OD!G74 -> 275.86207 | H74: =FL!H74/OD!H74 -> 81.395349 | I74: =FL!I74/OD!I74 -> 70.588235 | J74: =FL!J74/OD!J74 -> 117.64706 | ... Z74: =FL!Z74/OD!Z74 -> 4454.5455

Sheet Data For figure
A1: Time (min) | B1: D1 | C1: D2 | D1: D3 | E1: D4
A2: 10 | B2: 1442.1053 | C2: 2054.9451 | D2: 1888.8889 | E2: 2771.0843
A3: 20 | B3: 1372.3404 | C3: 1978.2609 | D3: 2177.7778 | E3: 2678.5714
A4: 30 | B4: 1705.2632 | C4: 2225.8065 | D4: 2142.8571 | E4: 2858.8235
A5: 40 | B5: 1438.7755 | C5: 2094.7368 | D5: 2413.0435 | E5: 2639.5349
A6: 50 | B6: 1390 | C6: 2247.4227 | D6: 2021.0526 | E6: 3022.4719
A7: 60 | B7: 1461.5385 | C7: 2666.6667 | D7: 1979.3814 | E7: 3195.6522
A8: 70 | B8: 1588.785 | C8: 2446.6019 | D8: 2160 | E8: 3156.25
A9: 80 | B9: 1646.0177 | C9: 3364.486 | D9: 2854.3689 | E9: 3650
A10: 90 | B10: 2016.6667 | C10: 3375 | D10: 2675.9259 | E10: 4085.7143
A11: 100 | B11: 2587.3016 | C11: 4025.4237 | D11: 3614.0351 | E11: 5133.9286
A12: 110 | B12: 2856.0606 | C12: 5235.7724 | D12: 4487.395 | E12: 6159.6639
A13: 120 | B13: 3281.6901 | C13: 5633.5878 | D13: 5039.6825 | E13: 6724.4094
... A74: 730 | B74: 1425.5692 | C74: 3141.5771 | D74: 3167.87 | E74: 2983.5165
