Workbook
Name MethodPointer1: 1627929696
Name MethodPointer2: 582

Sheet Plate 1 - Sheet1
A2: Software Version | B2: 3.14.03
A4: Experiment File Path: | B4: D:\GEAGS_Data\8.004R1.xpt
A5: Protocol File Path: | B5: C:\Users\Public\Documents\Protocols\CYH\YFP-COURSE.prt
A6: Plate Number | B6: Plate 1
A7: Date | B7: 43772
A8: Time | B8: 0.7687963
A9: Reader Type: | B9: Synergy H1
A10: Reader Serial Number: | B10: 268449
A11: Reading Type | B11: Reader
A13: Procedure Details
A14: Plate Type | B14: 96 WELL PLATE (Use plate lid)
A15: Eject plate on completion
A16: Set Temperature | B16: Setpoint 37°C
B17: Preheat before moving to next step
A18: Start Kinetic | B18: Runtime 18:00:00 (HH:MM:SS), Interval 0:10:00, 109 Reads
A19: Shake | B19: Linear: Continuous
B20: Frequency: 1096 cpm (1 mm)
A21: Read | B21: sfYFP
B22: Fluorescence Endpoint
B23: G1..G12
B24: Filter Set 1
B25: Excitation: 503, Emission: 540
B26: Optics: Bottom, Gain: 61
B27: Filter Set 2
B28: Excitation: 503, Emission: 540
B29: Optics: Bottom, Gain: 100
B30: Light Source: Xenon Flash, Lamp Energy: High
B31: Read Speed: Normal, Delay: 100 msec, Measurements/Data Point: 10
B32: Read Height: 7 mm
A33: Read | B33: OD600
B34: Absorbance Endpoint
B35: G1..G12
B36: Wavelengths: 600
B37: Read Speed: Normal, Delay: 100 msec, Measurements/Data Point: 8
A38: End Kinetic
A40: Layout
C42: 1 | D42: 2 | E42: 3 | F42: 4 | G42: 5 | H42: 6 | I42: 7 | J42: 8 | K42: 9 | L42: 10 | M42: 11 | N42: 12
B43: A | C43: SPL1 | D43: SPL9 | E43: SPL17 | F43: SPL25 | G43: SPL33 | H43: SPL41 | I43: SPL49 | J43: SPL57 | K43: SPL65 | L43: SPL73 | M43: SPL81 | N43: SPL89 | O43: Well ID
B44: B | C44: SPL2 | D44: SPL10 | E44: SPL18 | F44: SPL26 | G44: SPL34 | H44: SPL42 | I44: SPL50 | J44: SPL58 | K44: SPL66 | L44: SPL74 | M44: SPL82 | N44: SPL90 | O44: Well ID
B45: C | C45: SPL3 | D45: SPL11 | E45: SPL19 | F45: SPL27 | G45: SPL35 | H45: SPL43 | I45: SPL51 | J45: SPL59 | K45: SPL67 | L45: SPL75 | M45: SPL83 | N45: SPL91 | O45: Well ID
B46: D | C46: SPL4 | D46: SPL12 | E46: SPL20 | F46: SPL28 | G46: SPL36 | H46: SPL44 | I46: SPL52 | J46: SPL60 | K46: SPL68 | L46: SPL76 | M46: SPL84 | N46: SPL92 | O46: Well ID
B47: E | C47: SPL5 | D47: SPL13 | E47: SPL21 | F47: SPL29 | G47: SPL37 | H47: SPL45 | I47: SPL53 | J47: SPL61 | K47: SPL69 | L47: SPL77 | M47: SPL85 | N47: SPL93 | O47: Well ID
B48: F | C48: SPL6 | D48: SPL14 | E48: SPL22 | F48: SPL30 | G48: SPL38 | H48: SPL46 | I48: SPL54 | J48: SPL62 | K48: SPL70 | L48: SPL78 | M48: SPL86 | N48: SPL94 | O48: Well ID
B49: G | C49: SPL7 | D49: SPL15 | E49: SPL23 | F49: SPL31 | G49: SPL39 | H49: SPL47 | I49: SPL55 | J49: SPL63 | K49: SPL71 | L49: SPL79 | M49: SPL87 | N49: SPL95 | O49: Well ID
B50: H | C50: SPL8 | D50: SPL16 | E50: SPL24 | F50: SPL32 | G50: SPL40 | H50: SPL48 | I50: SPL56 | J50: SPL64 | K50: SPL72 | L50: SPL80 | M50: SPL88 | N50: SPL96 | O50: Well ID
A52: sfYFP:503,540
B54: Time | C54: T° sfYFP:503,540 | D54: A1 | E54: A2 | F54: A3 | G54: A4 | H54: A5 | I54: A6 | J54: A7 | K54: A8 | L54: A9 | M54: A10 | N54: A11 | O54: A12 | P54: B1 | Q54: B2 | R54: B3 | S54: B4 | T54: B5 | U54: B6 | V54: B7 | W54: B8 | X54: B9 | Y54: B10 | Z54: B11 | AA54: B12 | AB54: C1 | AC54: C2 | AD54: C3 | AE54: C4 | AF54: C5 | AG54: C6 | AH54: C7 | AI54: C8 | AJ54: C9 | AK54: C10 | AL54: C11 | AM54: C12 | AN54: D1 | AO54: D2 | AP54: D3 | AQ54: D4 | AR54: D5 | AS54: D6 | AT54: D7 | AU54: D8 | AV54: D9 | AW54: D10 | AX54: D11 | AY54: D12 | AZ54: E1 | BA54: E2 | BB54: E3 | BC54: E4 | BD54: E5 | BE54: E6 | BF54: E7 | BG54: E8 | BH54: E9 | BI54: E10 | BJ54: E11 | BK54: E12 | BL54: F1 | BM54: F2 | BN54: F3 | BO54: F4 | BP54: F5 | BQ54: F6 | BR54: F7 | BS54: F8 | BT54: F9 | BU54: F10 | BV54: F11 | BW54: F12 | BX54: G1 | BY54: G2 | BZ54: G3 | CA54: G4 | CB54: G5 | CC54: G6 | CD54: G7 | CE54: G8 | CF54: G9 | CG54: G10 | CH54: G11 | CI54: G12 | CJ54: H1 | CK54: H2 | CL54: H3 | CM54: H4 | CN54: H5 | CO54: H6 | CP54: H7 | CQ54: H8 | CR54: H9 | CS54: H10 | CT54: H11 | CU54: H12
B55: 0.0066203704 | C55: 37 | BX55: 0 | BY55: 0 | BZ55: 1 | CA55: 6 | CB55: 11 | CC55: 12 | CD55: 4 | CE55: 5 | CF55: 9 | CG55: 0 | CH55: 2 | CI55: 0
B56: 0.013564815 | C56: 37 | BX56: 1 | BY56: 12 | BZ56: 5 | CA56: 11 | CB56: 14 | CC56: 9 | CD56: 4 | CE56: 6 | CF56: 6 | CG56: 1 | CH56: 0 | CI56: 4
B57: 0.020509259 | C57: 37 | BX57: 4 | BY57: 0 | BZ57: 0 | CA57: 12 | CB57: 8 | CC57: 7 | CD57: 7 | CE57: 9 | CF57: 0 | CG57: 2 | CH57: 0 | CI57: 0
B58: 0.027453704 | C58: 37 | BX58: 1 | BY58: 13 | BZ58: 0 | CA58: 8 | CB58: 6 | CC58: 0 | CD58: 11 | CE58: 11 | CF58: 1 | CG58: 11 | CH58: 7 | CI58: 4
B59: 0.034398148 | C59: 37 | BX59: 4 | BY59: 0 | BZ59: 0 | CA59: 13 | CB59: 6 | CC59: 14 | CD59: 10 | CE59: 21 | CF59: 12 | CG59: 2 | CH59: 0 | CI59: 8
B60: 0.041342593 | C60: 37 | BX60: 2 | BY60: 0 | BZ60: 2 | CA60: 7 | CB60: 17 | CC60: 14 | CD60: 3 | CE60: 13 | CF60: 5 | CG60: 6 | CH60: 5 | CI60: 8
B61: 0.048287037 | C61: 37 | BX61: 4 | BY61: 12 | BZ61: 9 | CA61: 19 | CB61: 7 | CC61: 10 | CD61: 17 | CE61: 17 | CF61: 5 | CG61: 0 | CH61: 7 | CI61: 4
B62: 0.055231481 | C62: 37 | BX62: 0 | BY62: 0 | BZ62: 10 | CA62: 9 | CB62: 13 | CC62: 25 | CD62: 17 | CE62: 21 | CF62: 13 | CG62: 0 | CH62: 6 | CI62: 12
B63: 0.062175926 | C63: 37 | BX63: 4 | BY63: 0 | BZ63: 6 | CA63: 15 | CB63: 2 | CC63: 11 | CD63: 10 | CE63: 17 | CF63: 15 | CG63: 3 | CH63: 5 | CI63: 0
B64: 0.06912037 | C64: 37 | BX64: 0 | BY64: 11 | BZ64: 0 | CA64: 19 | CB64: 25 | CC64: 18 | CD64: 23 | CE64: 22 | CF64: 9 | CG64: 13 | CH64: 1 | CI64: 8
B65: 0.076064815 | C65: 37 | BX65: 2 | BY65: 0 | BZ65: 0 | CA65: 15 | CB65: 18 | CC65: 14 | CD65: 18 | CE65: 28 | CF65: 24 | CG65: 9 | CH65: 0 | CI65: 0
B66: 0.083009259 | C66: 37 | BX66: 0 | BY66: 18 | BZ66: 4 | CA66: 21 | CB66: 19 | CC66: 16 | CD66: 11 | CE66: 36 | CF66: 28 | CG66: 9 | CH66: 0 | CI66: 2
... B163: 0.75662037 | C163: 37.1 | BX163: 10 | BY163: 10 | BZ163: 15 | CA163: 48 | CB163: 34 | CC163: 23 | CD163: 1491 | CE163: 1258 | CF163: 1347 | CG163: 9 | CH163: 13 | CI163: 13
A165: sfYFP:503,540[2]
B167: Time | C167: T° sfYFP:503,540[2] | D167: A1 | E167: A2 | F167: A3 | G167: A4 | H167: A5 | I167: A6 | J167: A7 | K167: A8 | L167: A9 | M167: A10 | N167: A11 | O167: A12 | P167: B1 | Q167: B2 | R167: B3 | S167: B4 | T167: B5 | U167: B6 | V167: B7 | W167: B8 | X167: B9 | Y167: B10 | Z167: B11 | AA167: B12 | AB167: C1 | AC167: C2 | AD167: C3 | AE167: C4 | AF167: C5 | AG167: C6 | AH167: C7 | AI167: C8 | AJ167: C9 | AK167: C10 | AL167: C11 | AM167: C12 | AN167: D1 | AO167: D2 | AP167: D3 | AQ167: D4 | AR167: D5 | AS167: D6 | AT167: D7 | AU167: D8 | AV167: D9 | AW167: D10 | AX167: D11 | AY167: D12 | AZ167: E1 | BA167: E2 | BB167: E3 | BC167: E4 | BD167: E5 | BE167: E6 | BF167: E7 | BG167: E8 | BH167: E9 | BI167: E10 | BJ167: E11 | BK167: E12 | BL167: F1 | BM167: F2 | BN167: F3 | BO167: F4 | BP167: F5 | BQ167: F6 | BR167: F7 | BS167: F8 | BT167: F9 | BU167: F10 | BV167: F11 | BW167: F12 | BX167: G1 | BY167: G2 | BZ167: G3 | CA167: G4 | CB167: G5 | CC167: G6 | CD167: G7 | CE167: G8 | CF167: G9 | CG167: G10 | CH167: G11 | CI167: G12 | CJ167: H1 | CK167: H2 | CL167: H3 | CM167: H4 | CN167: H5 | CO167: H6 | CP167: H7 | CQ167: H8 | CR167: H9 | CS167: H10 | CT167: H11 | CU167: H12
B168: 0.006724537 | C168: 37 | BX168: 26 | BY168: 39 | BZ168: 36 | CA168: 236 | CB168: 172 | CC168: 206 | CD168: 155 | CE168: 257 | CF168: 235 | CG168: 31 | CH168: 49 | CI168: 39
B169: 0.013668981 | C169: 37 | BX169: 31 | BY169: 34 | BZ169: 26 | CA169: 253 | CB169: 192 | CC169: 216 | CD169: 163 | CE169: 338 | CF169: 254 | CG169: 24 | CH169: 42 | CI169: 51
B170: 0.020613426 | C170: 37 | BX170: 41 | BY170: 40 | BZ170: 38 | CA170: 278 | CB170: 225 | CC170: 238 | CD170: 177 | CE170: 347 | CF170: 256 | CG170: 28 | CH170: 33 | CI170: 30
B171: 0.02755787 | C171: 37 | BX171: 35 | BY171: 35 | BZ171: 29 | CA171: 261 | CB171: 245 | CC171: 250 | CD171: 190 | CE171: 358 | CF171: 312 | CG171: 24 | CH171: 42 | CI171: 36
B172: 0.034502315 | C172: 37 | BX172: 35 | BY172: 45 | BZ172: 34 | CA172: 273 | CB172: 231 | CC172: 271 | CD172: 175 | CE172: 414 | CF172: 316 | CG172: 27 | CH172: 29 | CI172: 31
B173: 0.041446759 | C173: 37 | BX173: 34 | BY173: 39 | BZ173: 51 | CA173: 279 | CB173: 262 | CC173: 233 | CD173: 203 | CE173: 432 | CF173: 327 | CG173: 32 | CH173: 46 | CI173: 35
B174: 0.048391204 | C174: 37 | BX174: 33 | BY174: 38 | BZ174: 20 | CA174: 345 | CB174: 300 | CC174: 319 | CD174: 226 | CE174: 499 | CF174: 378 | CG174: 41 | CH174: 43 | CI174: 37
B175: 0.055335648 | C175: 37 | BX175: 38 | BY175: 24 | BZ175: 42 | CA175: 430 | CB175: 347 | CC175: 388 | CD175: 215 | CE175: 543 | CF175: 405 | CG175: 42 | CH175: 39 | CI175: 38
B176: 0.062280093 | C176: 37 | BX176: 30 | BY176: 35 | BZ176: 24 | CA176: 480 | CB176: 431 | CC176: 443 | CD176: 285 | CE176: 665 | CF176: 458 | CG176: 37 | CH176: 44 | CI176: 47
B177: 0.069224537 | C177: 37 | BX177: 37 | BY177: 49 | BZ177: 43 | CA177: 609 | CB177: 530 | CC177: 540 | CD177: 294 | CE177: 742 | CF177: 546 | CG177: 31 | CH177: 42 | CI177: 31
B178: 0.076168981 | C178: 37 | BX178: 35 | BY178: 50 | BZ178: 37 | CA178: 752 | CB178: 685 | CC178: 630 | CD178: 338 | CE178: 931 | CF178: 606 | CG178: 22 | CH178: 52 | CI178: 46
B179: 0.083113426 | C179: 37 | BX179: 35 | BY179: 41 | BZ179: 40 | CA179: 838 | CB179: 752 | CC179: 771 | CD179: 396 | CE179: 1134 | CF179: 724 | CG179: 30 | CH179: 40 | CI179: 50
... B276: 0.75672454 | C276: 37.1 | BX276: 482 | BY276: 486 | BZ276: 505 | CA276: 1220 | CB276: 1259 | CC276: 1238 | CD276: 52666 | CE276: 43353 | CF276: 48045 | CG276: 374 | CH276: 523 | CI276: 434
A278: OD600:600
B280: Time | C280: T° OD600:600 | D280: A1 | E280: A2 | F280: A3 | G280: A4 | H280: A5 | I280: A6 | J280: A7 | K280: A8 | L280: A9 | M280: A10 | N280: A11 | O280: A12 | P280: B1 | Q280: B2 | R280: B3 | S280: B4 | T280: B5 | U280: B6 | V280: B7 | W280: B8 | X280: B9 | Y280: B10 | Z280: B11 | AA280: B12 | AB280: C1 | AC280: C2 | AD280: C3 | AE280: C4 | AF280: C5 | AG280: C6 | AH280: C7 | AI280: C8 | AJ280: C9 | AK280: C10 | AL280: C11 | AM280: C12 | AN280: D1 | AO280: D2 | AP280: D3 | AQ280: D4 | AR280: D5 | AS280: D6 | AT280: D7 | AU280: D8 | AV280: D9 | AW280: D10 | AX280: D11 | AY280: D12 | AZ280: E1 | BA280: E2 | BB280: E3 | BC280: E4 | BD280: E5 | BE280: E6 | BF280: E7 | BG280: E8 | BH280: E9 | BI280: E10 | BJ280: E11 | BK280: E12 | BL280: F1 | BM280: F2 | BN280: F3 | BO280: F4 | BP280: F5 | BQ280: F6 | BR280: F7 | BS280: F8 | BT280: F9 | BU280: F10 | BV280: F11 | BW280: F12 | BX280: G1 | BY280: G2 | BZ280: G3 | CA280: G4 | CB280: G5 | CC280: G6 | CD280: G7 | CE280: G8 | CF280: G9 | CG280: G10 | CH280: G11 | CI280: G12 | CJ280: H1 | CK280: H2 | CL280: H3 | CM280: H4 | CN280: H5 | CO280: H6 | CP280: H7 | CQ280: H8 | CR280: H9 | CS280: H10 | CT280: H11 | CU280: H12
B281: 0.0068171296 | C281: 37 | BX281: 0.086 | BY281: 0.086 | BZ281: 0.087 | CA281: 0.084 | CB281: 0.086 | CC281: 0.084 | CD281: 0.08 | CE281: 0.081 | CF281: 0.082 | CG281: 0.08 | CH281: 0.087 | CI281: 0.087
B282: 0.013761574 | C282: 37 | BX282: 0.087 | BY282: 0.086 | BZ282: 0.087 | CA282: 0.085 | CB282: 0.086 | CC282: 0.084 | CD282: 0.08 | CE282: 0.083 | CF282: 0.082 | CG282: 0.079 | CH282: 0.087 | CI282: 0.087
B283: 0.020706019 | C283: 37 | BX283: 0.089 | BY283: 0.087 | BZ283: 0.088 | CA283: 0.085 | CB283: 0.087 | CC283: 0.085 | CD283: 0.08 | CE283: 0.082 | CF283: 0.083 | CG283: 0.079 | CH283: 0.088 | CI283: 0.089
B284: 0.027650463 | C284: 37 | BX284: 0.091 | BY284: 0.089 | BZ284: 0.09 | CA284: 0.087 | CB284: 0.088 | CC284: 0.086 | CD284: 0.08 | CE284: 0.083 | CF284: 0.083 | CG284: 0.079 | CH284: 0.09 | CI284: 0.091
B285: 0.034594907 | C285: 37 | BX285: 0.093 | BY285: 0.092 | BZ285: 0.093 | CA285: 0.089 | CB285: 0.091 | CC285: 0.088 | CD285: 0.081 | CE285: 0.084 | CF285: 0.084 | CG285: 0.08 | CH285: 0.093 | CI285: 0.094
B286: 0.041539352 | C286: 37 | BX286: 0.097 | BY286: 0.096 | BZ286: 0.097 | CA286: 0.093 | CB286: 0.094 | CC286: 0.091 | CD286: 0.082 | CE286: 0.086 | CF286: 0.085 | CG286: 0.08 | CH286: 0.097 | CI286: 0.098
B287: 0.048483796 | C287: 37 | BX287: 0.102 | BY287: 0.101 | BZ287: 0.102 | CA287: 0.098 | CB287: 0.098 | CC287: 0.096 | CD287: 0.082 | CE287: 0.09 | CF287: 0.087 | CG287: 0.081 | CH287: 0.102 | CI287: 0.102
B288: 0.055428241 | C288: 37 | BX288: 0.109 | BY288: 0.108 | BZ288: 0.11 | CA288: 0.103 | CB288: 0.103 | CC288: 0.101 | CD288: 0.083 | CE288: 0.092 | CF288: 0.088 | CG288: 0.081 | CH288: 0.108 | CI288: 0.109
B289: 0.062372685 | C289: 37 | BX289: 0.115 | BY289: 0.115 | BZ289: 0.115 | CA289: 0.109 | CB289: 0.11 | CC289: 0.105 | CD289: 0.085 | CE289: 0.095 | CF289: 0.09 | CG289: 0.082 | CH289: 0.113 | CI289: 0.115
B290: 0.06931713 | C290: 37 | BX290: 0.124 | BY290: 0.121 | BZ290: 0.124 | CA290: 0.116 | CB290: 0.117 | CC290: 0.113 | CD290: 0.087 | CE290: 0.099 | CF290: 0.094 | CG290: 0.084 | CH290: 0.122 | CI290: 0.121
B291: 0.076261574 | C291: 37 | BX291: 0.133 | BY291: 0.13 | BZ291: 0.132 | CA291: 0.121 | CB291: 0.122 | CC291: 0.119 | CD291: 0.089 | CE291: 0.103 | CF291: 0.097 | CG291: 0.085 | CH291: 0.129 | CI291: 0.129
B292: 0.083206019 | C292: 37 | BX292: 0.144 | BY292: 0.142 | BZ292: 0.143 | CA292: 0.132 | CB292: 0.132 | CC292: 0.127 | CD292: 0.091 | CE292: 0.108 | CF292: 0.101 | CG292: 0.087 | CH292: 0.141 | CI292: 0.141
... B389: 0.75681713 | C389: 37.1 | BX389: 0.537 | BY389: 0.55 | BZ389: 0.558 | CA389: 0.516 | CB389: 0.519 | CC389: 0.512 | CD389: 0.537 | CE389: 0.545 | CF389: 0.534 | CG389: 0.236 | CH389: 0.531 | CI389: 0.486
A391: Results
C393: 1 | D393: 2 | E393: 3 | F393: 4 | G393: 5 | H393: 6 | I393: 7 | J393: 8 | K393: 9 | L393: 10 | M393: 11 | N393: 12
B394: A | C394: ????? | D394: ????? | E394: ????? | F394: ????? | G394: ????? | H394: ????? | I394: ????? | J394: ????? | K394: ????? | L394: ????? | M394: ????? | N394: ????? | O394: Max V [sfYFP:503,540]
C395: ????? | D395: ????? | E395: ????? | F395: ????? | G395: ????? | H395: ????? | I395: ????? | J395: ????? | K395: ????? | L395: ????? | M395: ????? | N395: ????? | O395: R-Squared [sfYFP:503,540]
C396: ????? | D396: ????? | E396: ????? | F396: ????? | G396: ????? | H396: ????? | I396: ????? | J396: ????? | K396: ????? | L396: ????? | M396: ????? | N396: ????? | O396: t at Max V [sfYFP:503,540]
C397: ????? | D397: ????? | E397: ????? | F397: ????? | G397: ????? | H397: ????? | I397: ????? | J397: ????? | K397: ????? | L397: ????? | M397: ????? | N397: ????? | O397: Lagtime [sfYFP:503,540]
C398: ????? | D398: ????? | E398: ????? | F398: ????? | G398: ????? | H398: ????? | I398: ????? | J398: ????? | K398: ????? | L398: ????? | M398: ????? | N398: ????? | O398: Max V [sfYFP:503,540[2]]
C399: ????? | D399: ????? | E399: ????? | F399: ????? | G399: ????? | H399: ????? | I399: ????? | J399: ????? | K399: ????? | L399: ????? | M399: ????? | N399: ????? | O399: R-Squared [sfYFP:503,540[2]]
C400: ????? | D400: ????? | E400: ????? | F400: ????? | G400: ????? | H400: ????? | I400: ????? | J400: ????? | K400: ????? | L400: ????? | M400: ????? | N400: ????? | O400: t at Max V [sfYFP:503,540[2]]
C401: ????? | D401: ????? | E401: ????? | F401: ????? | G401: ????? | H401: ????? | I401: ????? | J401: ????? | K401: ????? | L401: ????? | M401: ????? | N401: ????? | O401: Lagtime [sfYFP:503,540[2]]
...

Sheet OD
A1: Time | B1: Time (min) | C1: G1 | D1: G2 | E1: G3 | F1: G4 | G1: G5 | H1: G6 | I1: G7 | J1: G8 | K1: G9 | L1: G10 | M1: G11 | N1: G12
A2: 0.0066203704 | B2: 10 | C2: ='Plate 1 - Sheet1'!BX281 -> 0.086 | D2: ='Plate 1 - Sheet1'!BY281 -> 0.086 | E2: ='Plate 1 - Sheet1'!BZ281 -> 0.087 | F2: ='Plate 1 - Sheet1'!CA281 -> 0.084 | G2: ='Plate 1 - Sheet1'!CB281 -> 0.086 | H2: ='Plate 1 - Sheet1'!CC281 -> 0.084 | I2: ='Plate 1 - Sheet1'!CD281 -> 0.08 | J2: ='Plate 1 - Sheet1'!CE281 -> 0.081 | ... N2: ='Plate 1 - Sheet1'!CI281 -> 0.087
A3: 0.013564815 | B3: 20 | C3: ='Plate 1 - Sheet1'!BX282 -> 0.087 | D3: ='Plate 1 - Sheet1'!BY282 -> 0.086 | E3: ='Plate 1 - Sheet1'!BZ282 -> 0.087 | F3: ='Plate 1 - Sheet1'!CA282 -> 0.085 | G3: ='Plate 1 - Sheet1'!CB282 -> 0.086 | H3: ='Plate 1 - Sheet1'!CC282 -> 0.084 | I3: ='Plate 1 - Sheet1'!CD282 -> 0.08 | J3: ='Plate 1 - Sheet1'!CE282 -> 0.083 | ... N3: ='Plate 1 - Sheet1'!CI282 -> 0.087
A4: 0.020509259 | B4: 30 | C4: ='Plate 1 - Sheet1'!BX283 -> 0.089 | D4: ='Plate 1 - Sheet1'!BY283 -> 0.087 | E4: ='Plate 1 - Sheet1'!BZ283 -> 0.088 | F4: ='Plate 1 - Sheet1'!CA283 -> 0.085 | G4: ='Plate 1 - Sheet1'!CB283 -> 0.087 | H4: ='Plate 1 - Sheet1'!CC283 -> 0.085 | I4: ='Plate 1 - Sheet1'!CD283 -> 0.08 | J4: ='Plate 1 - Sheet1'!CE283 -> 0.082 | ... N4: ='Plate 1 - Sheet1'!CI283 -> 0.089
A5: 0.027453704 | B5: 40 | C5: ='Plate 1 - Sheet1'!BX284 -> 0.091 | D5: ='Plate 1 - Sheet1'!BY284 -> 0.089 | E5: ='Plate 1 - Sheet1'!BZ284 -> 0.09 | F5: ='Plate 1 - Sheet1'!CA284 -> 0.087 | G5: ='Plate 1 - Sheet1'!CB284 -> 0.088 | H5: ='Plate 1 - Sheet1'!CC284 -> 0.086 | I5: ='Plate 1 - Sheet1'!CD284 -> 0.08 | J5: ='Plate 1 - Sheet1'!CE284 -> 0.083 | ... N5: ='Plate 1 - Sheet1'!CI284 -> 0.091
A6: 0.034398148 | B6: 50 | C6: ='Plate 1 - Sheet1'!BX285 -> 0.093 | D6: ='Plate 1 - Sheet1'!BY285 -> 0.092 | E6: ='Plate 1 - Sheet1'!BZ285 -> 0.093 | F6: ='Plate 1 - Sheet1'!CA285 -> 0.089 | G6: ='Plate 1 - Sheet1'!CB285 -> 0.091 | H6: ='Plate 1 - Sheet1'!CC285 -> 0.088 | I6: ='Plate 1 - Sheet1'!CD285 -> 0.081 | J6: ='Plate 1 - Sheet1'!CE285 -> 0.084 | ... N6: ='Plate 1 - Sheet1'!CI285 -> 0.094
A7: 0.041342593 | B7: 60 | C7: ='Plate 1 - Sheet1'!BX286 -> 0.097 | D7: ='Plate 1 - Sheet1'!BY286 -> 0.096 | E7: ='Plate 1 - Sheet1'!BZ286 -> 0.097 | F7: ='Plate 1 - Sheet1'!CA286 -> 0.093 | G7: ='Plate 1 - Sheet1'!CB286 -> 0.094 | H7: ='Plate 1 - Sheet1'!CC286 -> 0.091 | I7: ='Plate 1 - Sheet1'!CD286 -> 0.082 | J7: ='Plate 1 - Sheet1'!CE286 -> 0.086 | ... N7: ='Plate 1 - Sheet1'!CI286 -> 0.098
A8: 0.048287037 | B8: 70 | C8: ='Plate 1 - Sheet1'!BX287 -> 0.102 | D8: ='Plate 1 - Sheet1'!BY287 -> 0.101 | E8: ='Plate 1 - Sheet1'!BZ287 -> 0.102 | F8: ='Plate 1 - Sheet1'!CA287 -> 0.098 | G8: ='Plate 1 - Sheet1'!CB287 -> 0.098 | H8: ='Plate 1 - Sheet1'!CC287 -> 0.096 | I8: ='Plate 1 - Sheet1'!CD287 -> 0.082 | J8: ='Plate 1 - Sheet1'!CE287 -> 0.09 | ... N8: ='Plate 1 - Sheet1'!CI287 -> 0.102
A9: 0.055231481 | B9: 80 | C9: ='Plate 1 - Sheet1'!BX288 -> 0.109 | D9: ='Plate 1 - Sheet1'!BY288 -> 0.108 | E9: ='Plate 1 - Sheet1'!BZ288 -> 0.11 | F9: ='Plate 1 - Sheet1'!CA288 -> 0.103 | G9: ='Plate 1 - Sheet1'!CB288 -> 0.103 | H9: ='Plate 1 - Sheet1'!CC288 -> 0.101 | I9: ='Plate 1 - Sheet1'!CD288 -> 0.083 | J9: ='Plate 1 - Sheet1'!CE288 -> 0.092 | ... N9: ='Plate 1 - Sheet1'!CI288 -> 0.109
A10: 0.062175926 | B10: 90 | C10: ='Plate 1 - Sheet1'!BX289 -> 0.115 | D10: ='Plate 1 - Sheet1'!BY289 -> 0.115 | E10: ='Plate 1 - Sheet1'!BZ289 -> 0.115 | F10: ='Plate 1 - Sheet1'!CA289 -> 0.109 | G10: ='Plate 1 - Sheet1'!CB289 -> 0.11 | H10: ='Plate 1 - Sheet1'!CC289 -> 0.105 | I10: ='Plate 1 - Sheet1'!CD289 -> 0.085 | J10: ='Plate 1 - Sheet1'!CE289 -> 0.095 | ... N10: ='Plate 1 - Sheet1'!CI289 -> 0.115
A11: 0.06912037 | B11: 100 | C11: ='Plate 1 - Sheet1'!BX290 -> 0.124 | D11: ='Plate 1 - Sheet1'!BY290 -> 0.121 | E11: ='Plate 1 - Sheet1'!BZ290 -> 0.124 | F11: ='Plate 1 - Sheet1'!CA290 -> 0.116 | G11: ='Plate 1 - Sheet1'!CB290 -> 0.117 | H11: ='Plate 1 - Sheet1'!CC290 -> 0.113 | I11: ='Plate 1 - Sheet1'!CD290 -> 0.087 | J11: ='Plate 1 - Sheet1'!CE290 -> 0.099 | ... N11: ='Plate 1 - Sheet1'!CI290 -> 0.121
A12: 0.076064815 | B12: 110 | C12: ='Plate 1 - Sheet1'!BX291 -> 0.133 | D12: ='Plate 1 - Sheet1'!BY291 -> 0.13 | E12: ='Plate 1 - Sheet1'!BZ291 -> 0.132 | F12: ='Plate 1 - Sheet1'!CA291 -> 0.121 | G12: ='Plate 1 - Sheet1'!CB291 -> 0.122 | H12: ='Plate 1 - Sheet1'!CC291 -> 0.119 | I12: ='Plate 1 - Sheet1'!CD291 -> 0.089 | J12: ='Plate 1 - Sheet1'!CE291 -> 0.103 | ... N12: ='Plate 1 - Sheet1'!CI291 -> 0.129
A13: 0.083009259 | B13: 120 | C13: ='Plate 1 - Sheet1'!BX292 -> 0.144 | D13: ='Plate 1 - Sheet1'!BY292 -> 0.142 | E13: ='Plate 1 - Sheet1'!BZ292 -> 0.143 | F13: ='Plate 1 - Sheet1'!CA292 -> 0.132 | G13: ='Plate 1 - Sheet1'!CB292 -> 0.132 | H13: ='Plate 1 - Sheet1'!CC292 -> 0.127 | I13: ='Plate 1 - Sheet1'!CD292 -> 0.091 | J13: ='Plate 1 - Sheet1'!CE292 -> 0.108 | ... N13: ='Plate 1 - Sheet1'!CI292 -> 0.141
... A110: 0.75662037 | B110: 1090 | C110: ='Plate 1 - Sheet1'!BX389 -> 0.537 | D110: ='Plate 1 - Sheet1'!BY389 -> 0.55 | E110: ='Plate 1 - Sheet1'!BZ389 -> 0.558 | F110: ='Plate 1 - Sheet1'!CA389 -> 0.516 | G110: ='Plate 1 - Sheet1'!CB389 -> 0.519 | H110: ='Plate 1 - Sheet1'!CC389 -> 0.512 | I110: ='Plate 1 - Sheet1'!CD389 -> 0.537 | J110: ='Plate 1 - Sheet1'!CE389 -> 0.545 | ... N110: ='Plate 1 - Sheet1'!CI389 -> 0.486

Sheet FL
A1: Time | B1: Time (min) | C1: G1 | D1: G2 | E1: G3 | F1: G4 | G1: G5 | H1: G6 | I1: G7 | J1: G8 | K1: G9 | L1: G10 | M1: G11 | N1: G12
A2: 0.0066203704 | B2: 10 | C2: ='Plate 1 - Sheet1'!BX168 -> 26 | D2: ='Plate 1 - Sheet1'!BY168 -> 39 | E2: ='Plate 1 - Sheet1'!BZ168 -> 36 | F2: ='Plate 1 - Sheet1'!CA168 -> 236 | G2: ='Plate 1 - Sheet1'!CB168 -> 172 | H2: ='Plate 1 - Sheet1'!CC168 -> 206 | I2: ='Plate 1 - Sheet1'!CD168 -> 155 | J2: ='Plate 1 - Sheet1'!CE168 -> 257 | ... N2: ='Plate 1 - Sheet1'!CI168 -> 39
A3: 0.013564815 | B3: 20 | C3: ='Plate 1 - Sheet1'!BX169 -> 31 | D3: ='Plate 1 - Sheet1'!BY169 -> 34 | E3: ='Plate 1 - Sheet1'!BZ169 -> 26 | F3: ='Plate 1 - Sheet1'!CA169 -> 253 | G3: ='Plate 1 - Sheet1'!CB169 -> 192 | H3: ='Plate 1 - Sheet1'!CC169 -> 216 | I3: ='Plate 1 - Sheet1'!CD169 -> 163 | J3: ='Plate 1 - Sheet1'!CE169 -> 338 | ... N3: ='Plate 1 - Sheet1'!CI169 -> 51
A4: 0.020509259 | B4: 30 | C4: ='Plate 1 - Sheet1'!BX170 -> 41 | D4: ='Plate 1 - Sheet1'!BY170 -> 40 | E4: ='Plate 1 - Sheet1'!BZ170 -> 38 | F4: ='Plate 1 - Sheet1'!CA170 -> 278 | G4: ='Plate 1 - Sheet1'!CB170 -> 225 | H4: ='Plate 1 - Sheet1'!CC170 -> 238 | I4: ='Plate 1 - Sheet1'!CD170 -> 177 | J4: ='Plate 1 - Sheet1'!CE170 -> 347 | ... N4: ='Plate 1 - Sheet1'!CI170 -> 30
A5: 0.027453704 | B5: 40 | C5: ='Plate 1 - Sheet1'!BX171 -> 35 | D5: ='Plate 1 - Sheet1'!BY171 -> 35 | E5: ='Plate 1 - Sheet1'!BZ171 -> 29 | F5: ='Plate 1 - Sheet1'!CA171 -> 261 | G5: ='Plate 1 - Sheet1'!CB171 -> 245 | H5: ='Plate 1 - Sheet1'!CC171 -> 250 | I5: ='Plate 1 - Sheet1'!CD171 -> 190 | J5: ='Plate 1 - Sheet1'!CE171 -> 358 | ... N5: ='Plate 1 - Sheet1'!CI171 -> 36
A6: 0.034398148 | B6: 50 | C6: ='Plate 1 - Sheet1'!BX172 -> 35 | D6: ='Plate 1 - Sheet1'!BY172 -> 45 | E6: ='Plate 1 - Sheet1'!BZ172 -> 34 | F6: ='Plate 1 - Sheet1'!CA172 -> 273 | G6: ='Plate 1 - Sheet1'!CB172 -> 231 | H6: ='Plate 1 - Sheet1'!CC172 -> 271 | I6: ='Plate 1 - Sheet1'!CD172 -> 175 | J6: ='Plate 1 - Sheet1'!CE172 -> 414 | ... N6: ='Plate 1 - Sheet1'!CI172 -> 31
A7: 0.041342593 | B7: 60 | C7: ='Plate 1 - Sheet1'!BX173 -> 34 | D7: ='Plate 1 - Sheet1'!BY173 -> 39 | E7: ='Plate 1 - Sheet1'!BZ173 -> 51 | F7: ='Plate 1 - Sheet1'!CA173 -> 279 | G7: ='Plate 1 - Sheet1'!CB173 -> 262 | H7: ='Plate 1 - Sheet1'!CC173 -> 233 | I7: ='Plate 1 - Sheet1'!CD173 -> 203 | J7: ='Plate 1 - Sheet1'!CE173 -> 432 | ... N7: ='Plate 1 - Sheet1'!CI173 -> 35
A8: 0.048287037 | B8: 70 | C8: ='Plate 1 - Sheet1'!BX174 -> 33 | D8: ='Plate 1 - Sheet1'!BY174 -> 38 | E8: ='Plate 1 - Sheet1'!BZ174 -> 20 | F8: ='Plate 1 - Sheet1'!CA174 -> 345 | G8: ='Plate 1 - Sheet1'!CB174 -> 300 | H8: ='Plate 1 - Sheet1'!CC174 -> 319 | I8: ='Plate 1 - Sheet1'!CD174 -> 226 | J8: ='Plate 1 - Sheet1'!CE174 -> 499 | ... N8: ='Plate 1 - Sheet1'!CI174 -> 37
A9: 0.055231481 | B9: 80 | C9: ='Plate 1 - Sheet1'!BX175 -> 38 | D9: ='Plate 1 - Sheet1'!BY175 -> 24 | E9: ='Plate 1 - Sheet1'!BZ175 -> 42 | F9: ='Plate 1 - Sheet1'!CA175 -> 430 | G9: ='Plate 1 - Sheet1'!CB175 -> 347 | H9: ='Plate 1 - Sheet1'!CC175 -> 388 | I9: ='Plate 1 - Sheet1'!CD175 -> 215 | J9: ='Plate 1 - Sheet1'!CE175 -> 543 | ... N9: ='Plate 1 - Sheet1'!CI175 -> 38
A10: 0.062175926 | B10: 90 | C10: ='Plate 1 - Sheet1'!BX176 -> 30 | D10: ='Plate 1 - Sheet1'!BY176 -> 35 | E10: ='Plate 1 - Sheet1'!BZ176 -> 24 | F10: ='Plate 1 - Sheet1'!CA176 -> 480 | G10: ='Plate 1 - Sheet1'!CB176 -> 431 | H10: ='Plate 1 - Sheet1'!CC176 -> 443 | I10: ='Plate 1 - Sheet1'!CD176 -> 285 | J10: ='Plate 1 - Sheet1'!CE176 -> 665 | ... N10: ='Plate 1 - Sheet1'!CI176 -> 47
A11: 0.06912037 | B11: 100 | C11: ='Plate 1 - Sheet1'!BX177 -> 37 | D11: ='Plate 1 - Sheet1'!BY177 -> 49 | E11: ='Plate 1 - Sheet1'!BZ177 -> 43 | F11: ='Plate 1 - Sheet1'!CA177 -> 609 | G11: ='Plate 1 - Sheet1'!CB177 -> 530 | H11: ='Plate 1 - Sheet1'!CC177 -> 540 | I11: ='Plate 1 - Sheet1'!CD177 -> 294 | J11: ='Plate 1 - Sheet1'!CE177 -> 742 | ... N11: ='Plate 1 - Sheet1'!CI177 -> 31
A12: 0.076064815 | B12: 110 | C12: ='Plate 1 - Sheet1'!BX178 -> 35 | D12: ='Plate 1 - Sheet1'!BY178 -> 50 | E12: ='Plate 1 - Sheet1'!BZ178 -> 37 | F12: ='Plate 1 - Sheet1'!CA178 -> 752 | G12: ='Plate 1 - Sheet1'!CB178 -> 685 | H12: ='Plate 1 - Sheet1'!CC178 -> 630 | I12: ='Plate 1 - Sheet1'!CD178 -> 338 | J12: ='Plate 1 - Sheet1'!CE178 -> 931 | ... N12: ='Plate 1 - Sheet1'!CI178 -> 46
A13: 0.083009259 | B13: 120 | C13: ='Plate 1 - Sheet1'!BX179 -> 35 | D13: ='Plate 1 - Sheet1'!BY179 -> 41 | E13: ='Plate 1 - Sheet1'!BZ179 -> 40 | F13: ='Plate 1 - Sheet1'!CA179 -> 838 | G13: ='Plate 1 - Sheet1'!CB179 -> 752 | H13: ='Plate 1 - Sheet1'!CC179 -> 771 | I13: ='Plate 1 - Sheet1'!CD179 -> 396 | J13: ='Plate 1 - Sheet1'!CE179 -> 1134 | ... N13: ='Plate 1 - Sheet1'!CI179 -> 50
... A110: 0.75662037 | B110: 1090 | C110: ='Plate 1 - Sheet1'!BX276 -> 482 | D110: ='Plate 1 - Sheet1'!BY276 -> 486 | E110: ='Plate 1 - Sheet1'!BZ276 -> 505 | F110: ='Plate 1 - Sheet1'!CA276 -> 1220 | G110: ='Plate 1 - Sheet1'!CB276 -> 1259 | H110: ='Plate 1 - Sheet1'!CC276 -> 1238 | I110: ='Plate 1 - Sheet1'!CD276 -> 52666 | J110: ='Plate 1 - Sheet1'!CE276 -> 43353 | ... N110: ='Plate 1 - Sheet1'!CI276 -> 434

Sheet FL by OD
A1: Time | B1: Time (min) | C1: G1 | D1: G2 | E1: G3 | F1: G4 | G1: G5 | H1: G6 | I1: G7 | J1: G8 | K1: G9 | L1: G10 | M1: G11 | N1: G12
A2: 0.0066203704 | B2: 10 | C2: =FL!C2/OD!C2 -> 302.32558 | D2: =FL!D2/OD!D2 -> 453.48837 | E2: =FL!E2/OD!E2 -> 413.7931 | F2: =FL!F2/OD!F2 -> 2809.5238 | G2: =FL!G2/OD!G2 -> 2000 | H2: =FL!H2/OD!H2 -> 2452.381 | I2: =FL!I2/OD!I2 -> 1937.5 | J2: =FL!J2/OD!J2 -> 3172.8395 | ... N2: =FL!N2/OD!N2 -> 448.27586
A3: 0.013564815 | B3: 20 | C3: =FL!C3/OD!C3 -> 356.32184 | D3: =FL!D3/OD!D3 -> 395.34884 | E3: =FL!E3/OD!E3 -> 298.85057 | F3: =FL!F3/OD!F3 -> 2976.4706 | G3: =FL!G3/OD!G3 -> 2232.5581 | H3: =FL!H3/OD!H3 -> 2571.4286 | I3: =FL!I3/OD!I3 -> 2037.5 | J3: =FL!J3/OD!J3 -> 4072.2892 | ... N3: =FL!N3/OD!N3 -> 586.2069
A4: 0.020509259 | B4: 30 | C4: =FL!C4/OD!C4 -> 460.67416 | D4: =FL!D4/OD!D4 -> 459.77011 | E4: =FL!E4/OD!E4 -> 431.81818 | F4: =FL!F4/OD!F4 -> 3270.5882 | G4: =FL!G4/OD!G4 -> 2586.2069 | H4: =FL!H4/OD!H4 -> 2800 | I4: =FL!I4/OD!I4 -> 2212.5 | J4: =FL!J4/OD!J4 -> 4231.7073 | ... N4: =FL!N4/OD!N4 -> 337.07865
A5: 0.027453704 | B5: 40 | C5: =FL!C5/OD!C5 -> 384.61538 | D5: =FL!D5/OD!D5 -> 393.25843 | E5: =FL!E5/OD!E5 -> 322.22222 | F5: =FL!F5/OD!F5 -> 3000 | G5: =FL!G5/OD!G5 -> 2784.0909 | H5: =FL!H5/OD!H5 -> 2906.9767 | I5: =FL!I5/OD!I5 -> 2375 | J5: =FL!J5/OD!J5 -> 4313.253 | ... N5: =FL!N5/OD!N5 -> 395.6044
A6: 0.034398148 | B6: 50 | C6: =FL!C6/OD!C6 -> 376.34409 | D6: =FL!D6/OD!D6 -> 489.13043 | E6: =FL!E6/OD!E6 -> 365.5914 | F6: =FL!F6/OD!F6 -> 3067.4157 | G6: =FL!G6/OD!G6 -> 2538.4615 | H6: =FL!H6/OD!H6 -> 3079.5455 | I6: =FL!I6/OD!I6 -> 2160.4938 | J6: =FL!J6/OD!J6 -> 4928.5714 | ... N6: =FL!N6/OD!N6 -> 329.78723
A7: 0.041342593 | B7: 60 | C7: =FL!C7/OD!C7 -> 350.51546 | D7: =FL!D7/OD!D7 -> 406.25 | E7: =FL!E7/OD!E7 -> 525.7732 | F7: =FL!F7/OD!F7 -> 3000 | G7: =FL!G7/OD!G7 -> 2787.234 | H7: =FL!H7/OD!H7 -> 2560.4396 | I7: =FL!I7/OD!I7 -> 2475.6098 | J7: =FL!J7/OD!J7 -> 5023.2558 | ... N7: =FL!N7/OD!N7 -> 357.14286
A8: 0.048287037 | B8: 70 | C8: =FL!C8/OD!C8 -> 323.52941 | D8: =FL!D8/OD!D8 -> 376.23762 | E8: =FL!E8/OD!E8 -> 196.07843 | F8: =FL!F8/OD!F8 -> 3520.4082 | G8: =FL!G8/OD!G8 -> 3061.2245 | H8: =FL!H8/OD!H8 -> 3322.9167 | I8: =FL!I8/OD!I8 -> 2756.0976 | J8: =FL!J8/OD!J8 -> 5544.4444 | ... N8: =FL!N8/OD!N8 -> 362.7451
A9: 0.055231481 | B9: 80 | C9: =FL!C9/OD!C9 -> 348.62385 | D9: =FL!D9/OD!D9 -> 222.22222 | E9: =FL!E9/OD!E9 -> 381.81818 | F9: =FL!F9/OD!F9 -> 4174.7573 | G9: =FL!G9/OD!G9 -> 3368.932 | H9: =FL!H9/OD!H9 -> 3841.5842 | I9: =FL!I9/OD!I9 -> 2590.3614 | J9: =FL!J9/OD!J9 -> 5902.1739 | ... N9: =FL!N9/OD!N9 -> 348.62385
A10: 0.062175926 | B10: 90 | C10: =FL!C10/OD!C10 -> 260.86957 | D10: =FL!D10/OD!D10 -> 304.34783 | E10: =FL!E10/OD!E10 -> 208.69565 | F10: =FL!F10/OD!F10 -> 4403.6697 | G10: =FL!G10/OD!G10 -> 3918.1818 | H10: =FL!H10/OD!H10 -> 4219.0476 | I10: =FL!I10/OD!I10 -> 3352.9412 | J10: =FL!J10/OD!J10 -> 7000 | ... N10: =FL!N10/OD!N10 -> 408.69565
A11: 0.06912037 | B11: 100 | C11: =FL!C11/OD!C11 -> 298.3871 | D11: =FL!D11/OD!D11 -> 404.95868 | E11: =FL!E11/OD!E11 -> 346.77419 | F11: =FL!F11/OD!F11 -> 5250 | G11: =FL!G11/OD!G11 -> 4529.9145 | H11: =FL!H11/OD!H11 -> 4778.7611 | I11: =FL!I11/OD!I11 -> 3379.3103 | J11: =FL!J11/OD!J11 -> 7494.9495 | ... N11: =FL!N11/OD!N11 -> 256.19835
A12: 0.076064815 | B12: 110 | C12: =FL!C12/OD!C12 -> 263.15789 | D12: =FL!D12/OD!D12 -> 384.61538 | E12: =FL!E12/OD!E12 -> 280.30303 | F12: =FL!F12/OD!F12 -> 6214.876 | G12: =FL!G12/OD!G12 -> 5614.7541 | H12: =FL!H12/OD!H12 -> 5294.1176 | I12: =FL!I12/OD!I12 -> 3797.7528 | J12: =FL!J12/OD!J12 -> 9038.835 | ... N12: =FL!N12/OD!N12 -> 356.58915
A13: 0.083009259 | B13: 120 | C13: =FL!C13/OD!C13 -> 243.05556 | D13: =FL!D13/OD!D13 -> 288.73239 | E13: =FL!E13/OD!E13 -> 279.72028 | F13: =FL!F13/OD!F13 -> 6348.4848 | G13: =FL!G13/OD!G13 -> 5696.9697 | H13: =FL!H13/OD!H13 -> 6070.8661 | I13: =FL!I13/OD!I13 -> 4351.6484 | J13: =FL!J13/OD!J13 -> 10500 | ... N13: =FL!N13/OD!N13 -> 354.60993
... A110: 0.75662037 | B110: 1090 | C110: =FL!C110/OD!C110 -> 897.57914 | D110: =FL!D110/OD!D110 -> 883.63636 | E110: =FL!E110/OD!E110 -> 905.01792 | F110: =FL!F110/OD!F110 -> 2364.3411 | G110: =FL!G110/OD!G110 -> 2425.8189 | H110: =FL!H110/OD!H110 -> 2417.9688 | I110: =FL!I110/OD!I110 -> 98074.488 | J110: =FL!J110/OD!J110 -> 79546.789 | ... N110: =FL!N110/OD!N110 -> 893.00412
